build_id,scope_version,snapshot_date,id_comercio,id_bandera,banner_label,source_rows,reporting_stores,reported_gtins,median_rows_7d,median_stores_7d,row_coverage_ratio,store_coverage_ratio,source_healthy
941da9b2-93b6-40b8-8de8-c9e27ad03e10,IDX_GROCERY_7_V1,2026-07-27,12,1,COTO,998635,120,13302,1003828.0,120.0,0.9948268029981232,1.0,True
941da9b2-93b6-40b8-8de8-c9e27ad03e10,IDX_GROCERY_7_V1,2026-07-27,11,2,Changomas,1422202,53,26834,1419287.0,53.0,1.0020538481646066,1.0,True
941da9b2-93b6-40b8-8de8-c9e27ad03e10,IDX_GROCERY_7_V1,2026-07-27,13,1,Cooperativa Obrera,715285,155,10506,715322.0,155.0,0.9999482750425682,1.0,True
941da9b2-93b6-40b8-8de8-c9e27ad03e10,IDX_GROCERY_7_V1,2026-07-27,15,1,DIA,4045211,983,4200,4008159.0,983.0,1.0092441442567524,1.0,True
941da9b2-93b6-40b8-8de8-c9e27ad03e10,IDX_GROCERY_7_V1,2026-07-27,10,1,Hipermercado Carrefour,1289254,82,34279,1297722.0,82.0,0.9934747195470216,1.0,True
941da9b2-93b6-40b8-8de8-c9e27ad03e10,IDX_GROCERY_7_V1,2026-07-27,9,3,Jumbo,199707,33,10983,199658.0,33.0,1.0002454196676316,1.0,True
941da9b2-93b6-40b8-8de8-c9e27ad03e10,IDX_GROCERY_7_V1,2026-07-27,2,1,La Anonima,957873,184,8886,966780.0,184.0,0.9907869422205673,1.0,True
941da9b2-93b6-40b8-8de8-c9e27ad03e10,IDX_GROCERY_7_V1,2026-07-28,12,1,COTO,998377,120,13306,1003828.0,120.0,0.9945697868559156,1.0,True
941da9b2-93b6-40b8-8de8-c9e27ad03e10,IDX_GROCERY_7_V1,2026-07-28,11,2,Changomas,1420188,53,26796,1419287.0,53.0,1.000634825796333,1.0,True
941da9b2-93b6-40b8-8de8-c9e27ad03e10,IDX_GROCERY_7_V1,2026-07-28,13,1,Cooperativa Obrera,715322,155,10461,715322.0,155.0,1.0,1.0,True
941da9b2-93b6-40b8-8de8-c9e27ad03e10,IDX_GROCERY_7_V1,2026-07-28,15,1,DIA,3727489,983,3887,4008159.0,983.0,0.9299753328148909,1.0,True
941da9b2-93b6-40b8-8de8-c9e27ad03e10,IDX_GROCERY_7_V1,2026-07-28,10,1,Hipermercado Carrefour,1290282,82,34303,1297722.0,82.0,0.994266876881181,1.0,True
941da9b2-93b6-40b8-8de8-c9e27ad03e10,IDX_GROCERY_7_V1,2026-07-28,9,3,Jumbo,199334,33,10983,199658.0,33.0,0.9983772250548438,1.0,True
941da9b2-93b6-40b8-8de8-c9e27ad03e10,IDX_GROCERY_7_V1,2026-07-28,2,1,La Anonima,959243,184,8890,966780.0,184.0,0.992204017460022,1.0,True
941da9b2-93b6-40b8-8de8-c9e27ad03e10,IDX_GROCERY_7_V1,2026-07-29,12,1,COTO,1002346,120,13334,1003828.0,120.0,0.9985236514622027,1.0,True
941da9b2-93b6-40b8-8de8-c9e27ad03e10,IDX_GROCERY_7_V1,2026-07-29,11,2,Changomas,1421195,53,26815,1419287.0,53.0,1.0013443369804698,1.0,True
941da9b2-93b6-40b8-8de8-c9e27ad03e10,IDX_GROCERY_7_V1,2026-07-29,13,1,Cooperativa Obrera,700250,155,10459,715322.0,155.0,0.9789297686915822,1.0,True
941da9b2-93b6-40b8-8de8-c9e27ad03e10,IDX_GROCERY_7_V1,2026-07-29,15,1,DIA,4032574,983,4190,4008159.0,983.0,1.0060913252193837,1.0,True
941da9b2-93b6-40b8-8de8-c9e27ad03e10,IDX_GROCERY_7_V1,2026-07-29,10,1,Hipermercado Carrefour,1290594,82,34297,1297722.0,82.0,0.9945072981732606,1.0,True
941da9b2-93b6-40b8-8de8-c9e27ad03e10,IDX_GROCERY_7_V1,2026-07-29,9,3,Jumbo,199361,33,10974,199658.0,33.0,0.9985124563002735,1.0,True
941da9b2-93b6-40b8-8de8-c9e27ad03e10,IDX_GROCERY_7_V1,2026-07-29,2,1,La Anonima,963313,184,8908,966780.0,184.0,0.9964138687188399,1.0,True
941da9b2-93b6-40b8-8de8-c9e27ad03e10,IDX_GROCERY_7_V1,2026-07-30,12,1,COTO,1005047,120,13323,1003828.0,120.0,1.001214351462601,1.0,True
941da9b2-93b6-40b8-8de8-c9e27ad03e10,IDX_GROCERY_7_V1,2026-07-30,11,2,Changomas,1419287,53,26779,1419287.0,53.0,1.0,1.0,True
941da9b2-93b6-40b8-8de8-c9e27ad03e10,IDX_GROCERY_7_V1,2026-07-30,13,1,Cooperativa Obrera,722439,155,10477,715322.0,155.0,1.0099493654605898,1.0,True
941da9b2-93b6-40b8-8de8-c9e27ad03e10,IDX_GROCERY_7_V1,2026-07-30,15,1,DIA,4004252,983,4179,4008159.0,983.0,0.9990252382702383,1.0,True
941da9b2-93b6-40b8-8de8-c9e27ad03e10,IDX_GROCERY_7_V1,2026-07-30,10,1,Hipermercado Carrefour,1297722,82,34371,1297722.0,82.0,1.0,1.0,True
941da9b2-93b6-40b8-8de8-c9e27ad03e10,IDX_GROCERY_7_V1,2026-07-30,9,3,Jumbo,199303,33,10978,199658.0,33.0,0.9982219595508319,1.0,True
941da9b2-93b6-40b8-8de8-c9e27ad03e10,IDX_GROCERY_7_V1,2026-07-30,2,1,La Anonima,966780,184,8916,966780.0,184.0,1.0,1.0,True
941da9b2-93b6-40b8-8de8-c9e27ad03e10,IDX_GROCERY_7_V1,2026-07-31,12,1,COTO,1006664,120,13333,1003828.0,120.0,1.0028251851910885,1.0,True
941da9b2-93b6-40b8-8de8-c9e27ad03e10,IDX_GROCERY_7_V1,2026-07-31,11,2,Changomas,1398193,53,26381,1419287.0,53.0,0.9851376078270286,1.0,True
941da9b2-93b6-40b8-8de8-c9e27ad03e10,IDX_GROCERY_7_V1,2026-07-31,13,1,Cooperativa Obrera,717320,155,10481,715322.0,155.0,1.002793147701315,1.0,True
941da9b2-93b6-40b8-8de8-c9e27ad03e10,IDX_GROCERY_7_V1,2026-07-31,15,1,DIA,4008159,983,4183,4008159.0,983.0,1.0,1.0,True
941da9b2-93b6-40b8-8de8-c9e27ad03e10,IDX_GROCERY_7_V1,2026-07-31,10,1,Hipermercado Carrefour,1301399,82,34392,1297722.0,82.0,1.002833426573642,1.0,True
941da9b2-93b6-40b8-8de8-c9e27ad03e10,IDX_GROCERY_7_V1,2026-07-31,9,3,Jumbo,199658,33,10962,199658.0,33.0,1.0,1.0,True
941da9b2-93b6-40b8-8de8-c9e27ad03e10,IDX_GROCERY_7_V1,2026-07-31,2,1,La Anonima,968633,184,8907,966780.0,184.0,1.0019166718384742,1.0,True
941da9b2-93b6-40b8-8de8-c9e27ad03e10,IDX_GROCERY_7_V1,2026-08-01,12,1,COTO,1005562,120,13340,1003828.0,120.0,1.0017273875604187,1.0,True
941da9b2-93b6-40b8-8de8-c9e27ad03e10,IDX_GROCERY_7_V1,2026-08-01,11,2,Changomas,1400737,53,26429,1419287.0,53.0,0.9869300571343217,1.0,True
941da9b2-93b6-40b8-8de8-c9e27ad03e10,IDX_GROCERY_7_V1,2026-08-01,13,1,Cooperativa Obrera,718249,155,10497,715322.0,155.0,1.0040918635243987,1.0,True
941da9b2-93b6-40b8-8de8-c9e27ad03e10,IDX_GROCERY_7_V1,2026-08-01,15,1,DIA,0,0,0,4008159.0,983.0,0.0,0.0,False
941da9b2-93b6-40b8-8de8-c9e27ad03e10,IDX_GROCERY_7_V1,2026-08-01,10,1,Hipermercado Carrefour,1308231,82,34394,1297722.0,82.0,1.0080980364053318,1.0,True
941da9b2-93b6-40b8-8de8-c9e27ad03e10,IDX_GROCERY_7_V1,2026-08-01,9,3,Jumbo,199977,33,10951,199658.0,33.0,1.0015977321219285,1.0,True
941da9b2-93b6-40b8-8de8-c9e27ad03e10,IDX_GROCERY_7_V1,2026-08-01,2,1,La Anonima,970566,184,8908,966780.0,184.0,1.0039160925960404,1.0,True
941da9b2-93b6-40b8-8de8-c9e27ad03e10,IDX_GROCERY_7_V1,2026-08-02,12,1,COTO,1003828,120,13351,1003828.0,120.0,1.0,1.0,True
941da9b2-93b6-40b8-8de8-c9e27ad03e10,IDX_GROCERY_7_V1,2026-08-02,11,2,Changomas,1406620,53,26540,1419287.0,53.0,0.9910750961574368,1.0,True
941da9b2-93b6-40b8-8de8-c9e27ad03e10,IDX_GROCERY_7_V1,2026-08-02,13,1,Cooperativa Obrera,483081,96,10315,715322.0,155.0,0.6753336259754349,0.6193548387096774,False
941da9b2-93b6-40b8-8de8-c9e27ad03e10,IDX_GROCERY_7_V1,2026-08-02,15,1,DIA,4026845,983,4190,4008159.0,983.0,1.0046619907044605,1.0,True
941da9b2-93b6-40b8-8de8-c9e27ad03e10,IDX_GROCERY_7_V1,2026-08-02,10,1,Hipermercado Carrefour,1309203,82,34445,1297722.0,82.0,1.008847041199887,1.0,True
941da9b2-93b6-40b8-8de8-c9e27ad03e10,IDX_GROCERY_7_V1,2026-08-02,9,3,Jumbo,199707,33,10958,199658.0,33.0,1.0002454196676316,1.0,True
941da9b2-93b6-40b8-8de8-c9e27ad03e10,IDX_GROCERY_7_V1,2026-08-02,2,1,La Anonima,968295,184,8915,966780.0,184.0,1.0015670576553093,1.0,True
