build_id,basket_version,category_id,gtin14,producto_descripcion,marca,cantidad_base,unidad_base,selected_component,semantic_match,presentation_match
941da9b2-93b6-40b8-8de8-c9e27ad03e10,CANASTA_2026W31_V1,ACEITE,07790272001029,ACEITE DE GIRASOL,NATUR,1500.0,ML,True,True,True
941da9b2-93b6-40b8-8de8-c9e27ad03e10,CANASTA_2026W31_V1,ACEITE,07790060023684,ACEITE DE GIRASOL,COCIN,1500.0,ML,False,True,True
941da9b2-93b6-40b8-8de8-c9e27ad03e10,CANASTA_2026W31_V1,ACEITE,07790070231420,ACEITE GIRASOL LIRA,LIRA,1500.0,ML,False,True,True
941da9b2-93b6-40b8-8de8-c9e27ad03e10,CANASTA_2026W31_V1,ACEITE,07791102068205,ACEITE GIRASOL COOPERATIV,COOPERATIVA,1500.0,ML,False,True,True
941da9b2-93b6-40b8-8de8-c9e27ad03e10,CANASTA_2026W31_V1,ACEITE,07791615001768,ACEITE DE GIRASOL PRIMER PRECIO 1.5,BUNGE,1500.0,ML,False,True,True
941da9b2-93b6-40b8-8de8-c9e27ad03e10,CANASTA_2026W31_V1,ACEITE,07792180001665,ACEITE DE GIRASOL,CAÑUE,1500.0,ML,False,True,True
941da9b2-93b6-40b8-8de8-c9e27ad03e10,CANASTA_2026W31_V1,ACEITE,07792180137944,ACEITE DE GIRASOL,PUREZ,1500.0,ML,False,True,True
941da9b2-93b6-40b8-8de8-c9e27ad03e10,CANASTA_2026W31_V1,ACEITE,07793377000027,ACEITE GIRASOL LAGRI.DSOL,LAGRIMAS DEL SOL,1500.0,ML,False,True,True
941da9b2-93b6-40b8-8de8-c9e27ad03e10,CANASTA_2026W31_V1,ACEITE,07794870055842,ACEITE GIRASOL P.PCIO,PRIMER PRECIO,1500.0,ML,False,True,True
941da9b2-93b6-40b8-8de8-c9e27ad03e10,CANASTA_2026W31_V1,ACEITE,07798316700815,ACEITE DE GIRASOL,LEGIT,1500.0,ML,False,True,True
941da9b2-93b6-40b8-8de8-c9e27ad03e10,CANASTA_2026W31_V1,ACEITE,08480017241146,ACEITE DE GIRASOL,DIA,1500.0,ML,False,True,True
941da9b2-93b6-40b8-8de8-c9e27ad03e10,CANASTA_2026W31_V1,ARROZ,07791120031557,ARROZ LARGO FINO,MOLIN,1000.0,G,True,True,True
941da9b2-93b6-40b8-8de8-c9e27ad03e10,CANASTA_2026W31_V1,ARROZ,07790022000098,ARROZ MANDISOVI LARGO FINO 00000 1 KG,MOLINO ARROCERO RIO PARANA,1000.0,G,False,True,True
941da9b2-93b6-40b8-8de8-c9e27ad03e10,CANASTA_2026W31_V1,ARROZ,07790070408310,ARROZ LUCCHETTI LARGO FINO 1 KG.,MOLINOS RIO DL.PLATA,1000.0,G,False,True,True
941da9b2-93b6-40b8-8de8-c9e27ad03e10,CANASTA_2026W31_V1,ARROZ,07790070412126,ARROZ LARGO FINO,MAXIM,1000.0,G,False,True,True
941da9b2-93b6-40b8-8de8-c9e27ad03e10,CANASTA_2026W31_V1,ARROZ,07790070433138,Arroz Gallo Largo Fino Bolsa x 1 Kg,GALLO,1000.0,G,False,True,True
941da9b2-93b6-40b8-8de8-c9e27ad03e10,CANASTA_2026W31_V1,ARROZ,07790847060567,"ARROZ LARGO FINO, DON MARCOS, 1000 gr",DON MARCOS,1000.0,G,False,True,True
941da9b2-93b6-40b8-8de8-c9e27ad03e10,CANASTA_2026W31_V1,ARROZ,07791120021558,ARROZ ALA BLANCO DOBLE PAQ 1 KGM,ALA BLANCO,1000.0,G,False,True,True
941da9b2-93b6-40b8-8de8-c9e27ad03e10,CANASTA_2026W31_V1,ARROZ,07791120031656,ARROZ LARGO FINO 00000,APOSTOLES,1000.0,G,False,True,True
941da9b2-93b6-40b8-8de8-c9e27ad03e10,CANASTA_2026W31_V1,ARROZ,07791120100819,ARROZ LARGO FINO ITÁ CAABÓ MOLINOS ALA PAQ 1 KGM,MOLINOS ALA,1000.0,G,False,True,True
941da9b2-93b6-40b8-8de8-c9e27ad03e10,CANASTA_2026W31_V1,ARROZ,07791120103148,ARROZ BLANCO VARIETAL CORTO MOLINOS ALA PAQ 1 KGM,MOLINOS ALA,1000.0,G,False,True,True
941da9b2-93b6-40b8-8de8-c9e27ad03e10,CANASTA_2026W31_V1,ARROZ,07791880000145,ARROZ GALLO LARGO FINO 1 KG.,MOLINOS RIO DL.PLATA,1000.0,G,False,True,True
941da9b2-93b6-40b8-8de8-c9e27ad03e10,CANASTA_2026W31_V1,ARROZ,07792180139535,ARROZ LARGO FINO,CAÑUE,1000.0,G,False,True,True
941da9b2-93b6-40b8-8de8-c9e27ad03e10,CANASTA_2026W31_V1,ARROZ,07797330107419,ARROZ INTEG LARGO FINO X 300 G,sin marca,1000.0,G,False,True,True
941da9b2-93b6-40b8-8de8-c9e27ad03e10,CANASTA_2026W31_V1,ARROZ,07798078450126,ARROZ LARGO FINO,VANGU,1000.0,G,False,True,True
941da9b2-93b6-40b8-8de8-c9e27ad03e10,CANASTA_2026W31_V1,ARROZ,07798078450140,ARROZ VANGUARDIA PARBOLIZADO LARGO FINO 00000 PAQ 1 KGM,VANGUARDIA,1000.0,G,False,True,True
941da9b2-93b6-40b8-8de8-c9e27ad03e10,CANASTA_2026W31_V1,ARROZ,07799044041942,"ARROZ LARGO FINO 00000, BEST, 1000 gr",BEST,1000.0,G,False,True,True
941da9b2-93b6-40b8-8de8-c9e27ad03e10,CANASTA_2026W31_V1,ARROZ,07799044041959,"ARROZ LARGO FINO 00000, LA ANONIMA, 1000 gr",LA ANONIMA,1000.0,G,False,True,True
941da9b2-93b6-40b8-8de8-c9e27ad03e10,CANASTA_2026W31_V1,ARROZ,07799120005134,ALIADA ARROZ LARGO FINO,ALIADA,1000.0,G,False,True,True
941da9b2-93b6-40b8-8de8-c9e27ad03e10,CANASTA_2026W31_V1,AZUCAR,07792540250450,AZUCAR SUPERIOR,LEDES,1000.0,G,True,True,True
941da9b2-93b6-40b8-8de8-c9e27ad03e10,CANASTA_2026W31_V1,AZUCAR,00714604463832,AZUCAR PRIMER PRECIO,PRIMER PRECIO,1000.0,G,False,True,True
941da9b2-93b6-40b8-8de8-c9e27ad03e10,CANASTA_2026W31_V1,AZUCAR,07790220000531,AZUCAR FRONTERITA 1kg,JOSE MINETTI Y CIA. S.A.C.I.,1000.0,G,False,True,True
941da9b2-93b6-40b8-8de8-c9e27ad03e10,CANASTA_2026W31_V1,AZUCAR,07790220000760,AZUCAR FRONTERITA 1kg,JOSE MINETTI Y CIA. S.A.C.I.,1000.0,G,False,True,True
941da9b2-93b6-40b8-8de8-c9e27ad03e10,CANASTA_2026W31_V1,AZUCAR,07790495005644,AZUCAR YIN YANG ORG,YIN YANG,1000.0,G,False,True,True
941da9b2-93b6-40b8-8de8-c9e27ad03e10,CANASTA_2026W31_V1,AZUCAR,07791100000450,AZUCAR CHANGO ORGANICA X1KG,,1000.0,G,False,True,True
941da9b2-93b6-40b8-8de8-c9e27ad03e10,CANASTA_2026W31_V1,AZUCAR,07791100046069,AZUCAR ORGANICO CHANGO 1KG.,AZUCAR VARIOS,1000.0,G,False,True,True
941da9b2-93b6-40b8-8de8-c9e27ad03e10,CANASTA_2026W31_V1,AZUCAR,07792540260138,AZUCAR LEDESMA CLASICA,LEDESMA,1000.0,G,False,True,True
941da9b2-93b6-40b8-8de8-c9e27ad03e10,CANASTA_2026W31_V1,AZUCAR,07795631000019,AZUCAR MYRIAM 1 KG.,AZUCAR VARIOS,1000.0,G,False,True,True
941da9b2-93b6-40b8-8de8-c9e27ad03e10,CANASTA_2026W31_V1,AZUCAR,07796699000010,AZUCAR COMUN,CALIDAD,1000.0,G,False,True,True
941da9b2-93b6-40b8-8de8-c9e27ad03e10,CANASTA_2026W31_V1,AZUCAR,07798141971381,AZUCAR LA PROVIDENCIA,LA PROVIDENCIA,1000.0,G,False,True,True
941da9b2-93b6-40b8-8de8-c9e27ad03e10,CANASTA_2026W31_V1,AZUCAR,07798141971565,AZUCAR PRIMER PRECIO 1KG.,AZUCAR VARIOS,1000.0,G,False,True,True
941da9b2-93b6-40b8-8de8-c9e27ad03e10,CANASTA_2026W31_V1,AZUCAR,07799086000389,AZUCAR COMUN TIPO A,DOMIN,1000.0,G,False,True,True
941da9b2-93b6-40b8-8de8-c9e27ad03e10,CANASTA_2026W31_V1,AZUCAR,07799120000405,CHECK AZUCAR COMUN T,CHECK,1000.0,G,False,True,True
941da9b2-93b6-40b8-8de8-c9e27ad03e10,CANASTA_2026W31_V1,AZUCAR,07891910030682,AZÚCAR CRISTAL CLASICA UNIAO PAQ 1 KGM,UNIAO,1000.0,G,False,True,True
941da9b2-93b6-40b8-8de8-c9e27ad03e10,CANASTA_2026W31_V1,AZUCAR,08480017298515,AZUCAR COMUN TIPO A,DIA,1000.0,G,False,True,True
941da9b2-93b6-40b8-8de8-c9e27ad03e10,CANASTA_2026W31_V1,CAFE,07790550022234,CAFE TOSTADO MOLIDO,SUPER,250.0,G,True,True,True
941da9b2-93b6-40b8-8de8-c9e27ad03e10,CANASTA_2026W31_V1,CAFE,00762111364357,Café Molido STARBUCKS Colombia 250g BSA-250-gr.,STARBUCKS,250.0,G,False,True,True
941da9b2-93b6-40b8-8de8-c9e27ad03e10,CANASTA_2026W31_V1,CAFE,07790150006122,CAFE MOLIDO TORRADO EQUIL,LA VIRGINIA,250.0,G,False,True,True
941da9b2-93b6-40b8-8de8-c9e27ad03e10,CANASTA_2026W31_V1,CAFE,07790150006320,CAFE MOLIDO CLASICO,LAVIR,250.0,G,False,True,True
941da9b2-93b6-40b8-8de8-c9e27ad03e10,CANASTA_2026W31_V1,CAFE,07790150007501,CAFE TORRADO MOLIDO,VIRGI,250.0,G,False,True,True
941da9b2-93b6-40b8-8de8-c9e27ad03e10,CANASTA_2026W31_V1,CAFE,07790150037140,"CAFE MOLIDO TOSTADO SUTIL, LA VIRGINIA, 250 gr",LA VIRGINIA,250.0,G,False,True,True
941da9b2-93b6-40b8-8de8-c9e27ad03e10,CANASTA_2026W31_V1,CAFE,07790170901971,CAFE MOLIDO INTENSO,MOREN,250.0,G,False,True,True
941da9b2-93b6-40b8-8de8-c9e27ad03e10,CANASTA_2026W31_V1,CAFE,07790170902503,CAFE TOSTADO MOLIDO,MOREN,250.0,G,False,True,True
941da9b2-93b6-40b8-8de8-c9e27ad03e10,CANASTA_2026W31_V1,CAFE,07790170949201,CAFÉ MOLIDO TOSTADO BRASIL LA VIRGINIA PAQ 250 GRM,LA VIRGINIA,250.0,G,False,True,True
941da9b2-93b6-40b8-8de8-c9e27ad03e10,CANASTA_2026W31_V1,CAFE,07790550000157,CAFE MOLIDO,LA PL,250.0,G,False,True,True
941da9b2-93b6-40b8-8de8-c9e27ad03e10,CANASTA_2026W31_V1,CAFE,07790550002519,CAFE MOLIDO DESC CABRALES,CABRALES,250.0,G,False,True,True
941da9b2-93b6-40b8-8de8-c9e27ad03e10,CANASTA_2026W31_V1,CAFE,07790550022319,CAFE HAPPY MOLIDO TOSTADO,CABRALES,250.0,G,False,True,True
941da9b2-93b6-40b8-8de8-c9e27ad03e10,CANASTA_2026W31_V1,CAFE,07790550022456,CAFÉ TOSTADO MOLIDO PERU CABRALES PAQ 250 GRM,CABRALES,250.0,G,False,True,True
941da9b2-93b6-40b8-8de8-c9e27ad03e10,CANASTA_2026W31_V1,CAFE,07790550022470,CAFÉ TOSTADO MOLIDO BRAZIL CABRALES PAQ 250 GRM,CABRALES,250.0,G,False,True,True
941da9b2-93b6-40b8-8de8-c9e27ad03e10,CANASTA_2026W31_V1,CAFE,07791122000018,CAFE VELEZ TORRADO MOLIDO 250 GR.,EPIFANIO JIMÉNEZ E HIJOS S.A.,250.0,G,False,True,True
941da9b2-93b6-40b8-8de8-c9e27ad03e10,CANASTA_2026W31_V1,CAFE,07794520869669,"CAFE MOLIDO TOSTADO INTENSO, 5 HISPANOS, 250 gr",5 HISPANOS,250.0,G,False,True,True
941da9b2-93b6-40b8-8de8-c9e27ad03e10,CANASTA_2026W31_V1,CAFE,07794820630976,CAFE MOLIDO PENGUIN BRASI,PENGUIN COFFEE,250.0,G,False,True,True
941da9b2-93b6-40b8-8de8-c9e27ad03e10,CANASTA_2026W31_V1,CAFE,07796160758846,CAFE MOLIDO PENGUIN COLOM,PENGUIN COFFEE,250.0,G,False,True,True
941da9b2-93b6-40b8-8de8-c9e27ad03e10,CANASTA_2026W31_V1,CAFE,07798028021628,CAFÉ TOSTADO MOLIDO SAB. MEDIO PAJARO AZUL PAQ 250 GRM,PAJARO AZUL,250.0,G,False,True,True
941da9b2-93b6-40b8-8de8-c9e27ad03e10,CANASTA_2026W31_V1,CAFE,07798090320704,CAFÉ MOLIDO TOSTADO MARTINEZ MOKA FRUTADO PAQ 250 GRM,CAFE MARTINEZ,250.0,G,False,True,True
941da9b2-93b6-40b8-8de8-c9e27ad03e10,CANASTA_2026W31_V1,CAFE,08480017241153,CAFE TORRADO MOLIDO,DIA,250.0,G,False,True,True
941da9b2-93b6-40b8-8de8-c9e27ad03e10,CANASTA_2026W31_V1,CAFE,09780201374674,CAFE MOLIDO PENGUIN PERU,PENGUIN COFFEE,250.0,G,False,True,True
941da9b2-93b6-40b8-8de8-c9e27ad03e10,CANASTA_2026W31_V1,FIDEOS,07790070320285,FIDEO SPAGHETTI,FAVOR,500.0,G,True,True,True
941da9b2-93b6-40b8-8de8-c9e27ad03e10,CANASTA_2026W31_V1,FIDEOS,05304000222321,FIDEOS LARG.D/SEM.SPAGHETTI PASTA BELLA PAQ 500 GRM,PASTA BELLA,500.0,G,False,True,True
941da9b2-93b6-40b8-8de8-c9e27ad03e10,CANASTA_2026W31_V1,FIDEOS,05304000222604,FIDEOS LARG.D/SEM.SPAGHETTI DIAMOND PAQ 500 GRM,DIAMOND,500.0,G,False,True,True
941da9b2-93b6-40b8-8de8-c9e27ad03e10,CANASTA_2026W31_V1,FIDEOS,07622300724160,FIDEOS TERRABUSI SPAGHETTI Nº3 500G,MOLINOS RIO DL.PLATA,500.0,G,False,True,True
941da9b2-93b6-40b8-8de8-c9e27ad03e10,CANASTA_2026W31_V1,FIDEOS,07730430000143,FIDEOS AL HUEVO SPAGHETTI LAS ACACIAS PAQ 500 GRM,LAS ACACIAS,500.0,G,False,True,True
941da9b2-93b6-40b8-8de8-c9e27ad03e10,CANASTA_2026W31_V1,FIDEOS,07730430001447,FIDEOS D/TRI.SPAGHETTI LAS ACACIAS PAQ 500 GRM,LAS ACACIAS,500.0,G,False,True,True
941da9b2-93b6-40b8-8de8-c9e27ad03e10,CANASTA_2026W31_V1,FIDEOS,07730430001973,FIDEOS D/SEMOLA SPAGHETTI LAS ACACIAS PAQ 500 GRM,LAS ACACIAS,500.0,G,False,True,True
941da9b2-93b6-40b8-8de8-c9e27ad03e10,CANASTA_2026W31_V1,FIDEOS,07790070106230,FIDEO SPAGHETTI AL HUEVO DON FELIPE PAQ 500 GRM,DON FELIPE,500.0,G,False,True,True
941da9b2-93b6-40b8-8de8-c9e27ad03e10,CANASTA_2026W31_V1,FIDEOS,07790070317698,FIDEOS FAVORITA 500G. SPAGHETTI,MOLINOS RIO DL.PLATA,500.0,G,False,True,True
941da9b2-93b6-40b8-8de8-c9e27ad03e10,CANASTA_2026W31_V1,FIDEOS,07790070318640,FIDEOS MATARAZZO SPAGHETTI Nº7 500G,MOLINOS RIO DL.PLATA,500.0,G,False,True,True
941da9b2-93b6-40b8-8de8-c9e27ad03e10,CANASTA_2026W31_V1,FIDEOS,07790070320780,FIDEOS LUCCHETTI SPAGHETTI N5 X500G.,,500.0,G,False,True,True
941da9b2-93b6-40b8-8de8-c9e27ad03e10,CANASTA_2026W31_V1,FIDEOS,07790070321916,Fideos Rina Spaghetti 500g PAQ-500-gr.,MATARAZZO,500.0,G,False,True,True
941da9b2-93b6-40b8-8de8-c9e27ad03e10,CANASTA_2026W31_V1,FIDEOS,07790070335975,FIDEO SPAGHETTI INTE,MATAR,500.0,G,False,True,True
941da9b2-93b6-40b8-8de8-c9e27ad03e10,CANASTA_2026W31_V1,FIDEOS,07790070336309,FIDEOS SPAGHETTI,MATAR,500.0,G,False,True,True
941da9b2-93b6-40b8-8de8-c9e27ad03e10,CANASTA_2026W31_V1,FIDEOS,07790070336385,FIDEOS SPAGHETTI,LUCCH,500.0,G,False,True,True
941da9b2-93b6-40b8-8de8-c9e27ad03e10,CANASTA_2026W31_V1,FIDEOS,07790070336668,"FIDEOS  SPAGHETTI C/MORRON, RINA, 500 gr",RINA,500.0,G,False,True,True
941da9b2-93b6-40b8-8de8-c9e27ad03e10,CANASTA_2026W31_V1,FIDEOS,07790070336675,"FIDEOS SPAGHETTI C/ESPINACA RI, RINA, 500 gr",RINA,500.0,G,False,True,True
941da9b2-93b6-40b8-8de8-c9e27ad03e10,CANASTA_2026W31_V1,FIDEOS,07790070337108,FIDEOS AL HUEVO SPAGHETTI N°5 LUCCHETTI PAQ 500 GRM,LUCCHETTI,500.0,G,False,True,True
941da9b2-93b6-40b8-8de8-c9e27ad03e10,CANASTA_2026W31_V1,FIDEOS,07790580134693,FIDEOS L.C SPAGHETTI X500G.,,500.0,G,False,True,True
941da9b2-93b6-40b8-8de8-c9e27ad03e10,CANASTA_2026W31_V1,FIDEOS,07790580145385,"FIDEOS SPAGHETTI, ARCOR, 500 gr",ARCOR,500.0,G,False,True,True
941da9b2-93b6-40b8-8de8-c9e27ad03e10,CANASTA_2026W31_V1,FIDEOS,07797470199367,FIDEOS SPAGHETTI,MAROL,500.0,G,False,True,True
941da9b2-93b6-40b8-8de8-c9e27ad03e10,CANASTA_2026W31_V1,FIDEOS,07798031150049,"FIDEOS SPAGHETTI, BONAVITA, 500 gr",BONAVITA,500.0,G,False,True,True
941da9b2-93b6-40b8-8de8-c9e27ad03e10,CANASTA_2026W31_V1,FIDEOS,07798151690456,FIDEOS PRIMER PRECIO SPAGHETTI 500G,LC AGRO,500.0,G,False,True,True
941da9b2-93b6-40b8-8de8-c9e27ad03e10,CANASTA_2026W31_V1,FIDEOS,08004350130037,"FIDEOS SPAGHETTI, ZARA, 500 gr",ZARA,500.0,G,False,True,True
941da9b2-93b6-40b8-8de8-c9e27ad03e10,CANASTA_2026W31_V1,FIDEOS,08006680900045,FIDEOS SPAGHETTI,ANTICOPASTIFICI,500.0,G,False,True,True
941da9b2-93b6-40b8-8de8-c9e27ad03e10,CANASTA_2026W31_V1,FIDEOS,08076800195033,"FIDEOS SPAGHETTINI N°3, BARILLA, 500 gr",BARILLA,500.0,G,False,True,True
941da9b2-93b6-40b8-8de8-c9e27ad03e10,CANASTA_2026W31_V1,FIDEOS,08076809529419,FIDEOS SPAGHETTI INTEGRAL,BARILLA,500.0,G,False,True,True
941da9b2-93b6-40b8-8de8-c9e27ad03e10,CANASTA_2026W31_V1,FIDEOS,08480017268693,FIDEOS SPAGHETTI TRI,DIA,500.0,G,False,True,True
941da9b2-93b6-40b8-8de8-c9e27ad03e10,CANASTA_2026W31_V1,HARINA,07790070562258,HARINA 000 C/VITAMIN,FAVOR,1000.0,G,True,True,True
941da9b2-93b6-40b8-8de8-c9e27ad03e10,CANASTA_2026W31_V1,HARINA,07790070507235,FAVORITA HARINA 000,FAVORITA,1000.0,G,False,True,True
941da9b2-93b6-40b8-8de8-c9e27ad03e10,CANASTA_2026W31_V1,HARINA,07790199604075,HARINA FORTIVAC 000,MORIX,1000.0,G,False,True,True
941da9b2-93b6-40b8-8de8-c9e27ad03e10,CANASTA_2026W31_V1,HARINA,07790199604730,"HARINA DE TRIGO 000 FUERZA, MORIXE, 1000 gr",MORIXE,1000.0,G,False,True,True
941da9b2-93b6-40b8-8de8-c9e27ad03e10,CANASTA_2026W31_V1,HARINA,07790220000043,HARINA GRACIELA REAL 000 1KG.,JOSE MINETTI Y CIA. S.A.C.I.,1000.0,G,False,True,True
941da9b2-93b6-40b8-8de8-c9e27ad03e10,CANASTA_2026W31_V1,HARINA,07791476025019,"HARINA DE MAIZ, EGRAN, 1000 gr",EGRAN,1000.0,G,False,True,True
941da9b2-93b6-40b8-8de8-c9e27ad03e10,CANASTA_2026W31_V1,HARINA,07792180001528,CANUELAS HARINA 000,CAÑUELAS,1000.0,G,False,True,True
941da9b2-93b6-40b8-8de8-c9e27ad03e10,CANASTA_2026W31_V1,HARINA,07792180004901,"HARINA C/ LEVADURA PAN CASERO, PUREZA, 1000 gr",PUREZA,1000.0,G,False,True,True
941da9b2-93b6-40b8-8de8-c9e27ad03e10,CANASTA_2026W31_V1,HARINA,07792180137258,"HARINA INT.100% C/LEVADURA P/PIZZA, PUREZA, 1000 gr",PUREZA,1000.0,G,False,True,True
941da9b2-93b6-40b8-8de8-c9e27ad03e10,CANASTA_2026W31_V1,HARINA,07792180139320,HARINA 000 UR VIT D,CAÑUE,1000.0,G,False,True,True
941da9b2-93b6-40b8-8de8-c9e27ad03e10,CANASTA_2026W31_V1,HARINA,07792180140708,Harina Pureza Leud P/Repost Ulta refin PAQ-1000-gr.,PUREZA,1000.0,G,False,True,True
941da9b2-93b6-40b8-8de8-c9e27ad03e10,CANASTA_2026W31_V1,HARINA,07792180144980,HARINA COOPE 000,COOPERATIVA,1000.0,G,False,True,True
941da9b2-93b6-40b8-8de8-c9e27ad03e10,CANASTA_2026W31_V1,HARINA,07792180145758,"HARINA MULTIC C/LEV Y MM, PUREZA, 1000 gr",PUREZA,1000.0,G,False,True,True
941da9b2-93b6-40b8-8de8-c9e27ad03e10,CANASTA_2026W31_V1,HARINA,07792590000159,HARINA  000,CASER,1000.0,G,False,True,True
941da9b2-93b6-40b8-8de8-c9e27ad03e10,CANASTA_2026W31_V1,HARINA,07794270002583,HARINA REINARINA 000 1 KG.,SAGEMULLER S.A.,1000.0,G,False,True,True
941da9b2-93b6-40b8-8de8-c9e27ad03e10,CANASTA_2026W31_V1,HARINA,07798039600355,HARINA DE TRIGO 000 COTO PAQ 1 KGM,COTO,1000.0,G,False,True,True
941da9b2-93b6-40b8-8de8-c9e27ad03e10,CANASTA_2026W31_V1,HARINA,07798110710058,HARINA RAMIREZ 000 1 KG.,MOLINO HARINERO RAMI,1000.0,G,False,True,True
941da9b2-93b6-40b8-8de8-c9e27ad03e10,CANASTA_2026W31_V1,HARINA,07798141971534,HARINA PRIMER PRECIO 000,PRIMER PRECIO,1000.0,G,False,True,True
941da9b2-93b6-40b8-8de8-c9e27ad03e10,CANASTA_2026W31_V1,HARINA,07798153719247,CHECK HARINA TR 000,CHECK,1000.0,G,False,True,True
941da9b2-93b6-40b8-8de8-c9e27ad03e10,CANASTA_2026W31_V1,HARINA,07799037060011,HARINA DE TRIGO 000,CHACA,1000.0,G,False,True,True
941da9b2-93b6-40b8-8de8-c9e27ad03e10,CANASTA_2026W31_V1,HARINA,07799037060103,"HARINA DE TRIGO 000, CATRIEL, 1000 gr",CATRIEL,1000.0,G,False,True,True
941da9b2-93b6-40b8-8de8-c9e27ad03e10,CANASTA_2026W31_V1,HARINA,07799037060325,"HARINA DE FUERZA ESP.P/MASA MADRE, CHACABUCO, 1000 gr",CHACABUCO,1000.0,G,False,True,True
941da9b2-93b6-40b8-8de8-c9e27ad03e10,CANASTA_2026W31_V1,HARINA,07799037060349,"HARINA DE TRIGO ESPECIAL PASTELERIA, CHACABUCO, 1000 gr",CHACABUCO,1000.0,G,False,True,True
941da9b2-93b6-40b8-8de8-c9e27ad03e10,CANASTA_2026W31_V1,HARINA,07799037060400,"HARINA 00 NAPOLETANA, CHACABUCO, 1000 gr",CHACABUCO,1000.0,G,False,True,True
941da9b2-93b6-40b8-8de8-c9e27ad03e10,CANASTA_2026W31_V1,HARINA,07799044054669,"HARINA DE TRIGO 000, LA ANONIMA, 1000 gr",LA ANONIMA,1000.0,G,False,True,True
941da9b2-93b6-40b8-8de8-c9e27ad03e10,CANASTA_2026W31_V1,HARINA,07799044944076,"HARINA DE FUERZA MASA MADRE, LA ANONIMA, 1000 gr",LA ANONIMA,1000.0,G,False,True,True
941da9b2-93b6-40b8-8de8-c9e27ad03e10,CANASTA_2026W31_V1,HARINA,07799044947015,"HARINA DE TRIGO TIPO 000, BEST, 1000 gr",BEST,1000.0,G,False,True,True
941da9b2-93b6-40b8-8de8-c9e27ad03e10,CANASTA_2026W31_V1,HARINA,08480017242723,HARINA DE TRIGO 000,DIA,1000.0,G,False,True,True
941da9b2-93b6-40b8-8de8-c9e27ad03e10,CANASTA_2026W31_V1,LECHE,07790742363008,LECHE LARGA VIDA 3%,LA SE,1000.0,ML,True,True,True
941da9b2-93b6-40b8-8de8-c9e27ad03e10,CANASTA_2026W31_V1,LECHE,07730105821745,LECHE DES.LV UAT CONAPROLE TTB 1 LTR,CONAPROLE,1000.0,ML,False,True,True
941da9b2-93b6-40b8-8de8-c9e27ad03e10,CANASTA_2026W31_V1,LECHE,07730105821752,LECHE ENT.LV UAT CONAPROLE TTB 1 LTR,CONAPROLE,1000.0,ML,False,True,True
941da9b2-93b6-40b8-8de8-c9e27ad03e10,CANASTA_2026W31_V1,LECHE,07790080037715,Leche Sancor Deslactosada UAT 1Lt,SANCOR,1000.0,ML,False,True,True
941da9b2-93b6-40b8-8de8-c9e27ad03e10,CANASTA_2026W31_V1,LECHE,07790244941919,S IGN LECHE UAT DESC,SAN IGNACIO,1000.0,ML,False,True,True
941da9b2-93b6-40b8-8de8-c9e27ad03e10,CANASTA_2026W31_V1,LECHE,07790742192301,LECHE ENTERA 3% SACH,CASAN,1000.0,ML,False,True,True
941da9b2-93b6-40b8-8de8-c9e27ad03e10,CANASTA_2026W31_V1,LECHE,07790742348302,LECHE MULTID 3%,LA SE,1000.0,ML,False,True,True
941da9b2-93b6-40b8-8de8-c9e27ad03e10,CANASTA_2026W31_V1,LECHE,07790742357502,LECHE LS UAT ENTERA FORT CON VITAMINAS,LA SERENISIMA,1000.0,ML,False,True,True
941da9b2-93b6-40b8-8de8-c9e27ad03e10,CANASTA_2026W31_V1,LECHE,07790742358806,LECHE LS UAT PARC DESC HIERRO FORT VIT,LA SERENISIMA,1000.0,ML,False,True,True
941da9b2-93b6-40b8-8de8-c9e27ad03e10,CANASTA_2026W31_V1,LECHE,07790787054022,"LECHE UAT CHOCOLATADA SIN LACT., ILOLAY KIDS, 1000 cm3",ILOLAY KIDS,1000.0,ML,False,True,True
941da9b2-93b6-40b8-8de8-c9e27ad03e10,CANASTA_2026W31_V1,LECHE,07790787960767,LECHE LARGA VIDA 0% LACTO,ILOLAY,1000.0,ML,False,True,True
941da9b2-93b6-40b8-8de8-c9e27ad03e10,CANASTA_2026W31_V1,LECHE,07791241000463,LECHE UAT PRIMER PRECIO ENTERA 1L,LA LACTEO,1000.0,ML,False,True,True
941da9b2-93b6-40b8-8de8-c9e27ad03e10,CANASTA_2026W31_V1,LECHE,07791241000470,LECHE UAT PRIMER PRECIO DESC.1L,LA LACTEO,1000.0,ML,False,True,True
941da9b2-93b6-40b8-8de8-c9e27ad03e10,CANASTA_2026W31_V1,LECHE,07793940448003,LECHE LS ENT. 3% X1LTS SACHET,,1000.0,ML,False,True,True
941da9b2-93b6-40b8-8de8-c9e27ad03e10,CANASTA_2026W31_V1,LECHE,07794820015254,LECHE UAT MILKAUT ENTERA 1 LT,MILKAUT,1000.0,ML,False,True,True
941da9b2-93b6-40b8-8de8-c9e27ad03e10,CANASTA_2026W31_V1,LECHE,07794820903100,LECHE ENT LARGA VIDA,MILKA,1000.0,ML,False,True,True
941da9b2-93b6-40b8-8de8-c9e27ad03e10,CANASTA_2026W31_V1,LECHE,07794820903117,LECHE UAT MILKAUT PAR DES,MILKAUT,1000.0,ML,False,True,True
941da9b2-93b6-40b8-8de8-c9e27ad03e10,CANASTA_2026W31_V1,LECHE,07798001562599,LECHE UAT ENT CREMIGAL,CREMIGAL,1000.0,ML,False,True,True
941da9b2-93b6-40b8-8de8-c9e27ad03e10,CANASTA_2026W31_V1,LECHE,07798001562605,LECHE UAT DESCR CREMIGAL,CREMIGAL,1000.0,ML,False,True,True
941da9b2-93b6-40b8-8de8-c9e27ad03e10,CANASTA_2026W31_V1,LECHE,07798179070650,SILVIA LECHE UAT E,SILVIA,1000.0,ML,False,True,True
941da9b2-93b6-40b8-8de8-c9e27ad03e10,CANASTA_2026W31_V1,LECHE,07798179070667,SILVIA LECHE UAT D,SILVIA,1000.0,ML,False,True,True
941da9b2-93b6-40b8-8de8-c9e27ad03e10,CANASTA_2026W31_V1,LECHE,07798270249252,LECHE LARGA VIDA PARC DESC GREAT VALUE,GREAT VALUE,1000.0,ML,False,True,True
941da9b2-93b6-40b8-8de8-c9e27ad03e10,CANASTA_2026W31_V1,LECHE,07798338290035,L3N LECHE UAT LIVIA1,LAS TRES NINAS,1000.0,ML,False,True,True
941da9b2-93b6-40b8-8de8-c9e27ad03e10,CANASTA_2026W31_V1,LECHE,07798338290479,LECHE ENTERA LV UAT,APOSTOLES,1000.0,ML,False,True,True
941da9b2-93b6-40b8-8de8-c9e27ad03e10,CANASTA_2026W31_V1,LECHE,07798338291049,LECHE CHOCOLATAD UAT,L3NIÑ,1000.0,ML,False,True,True
941da9b2-93b6-40b8-8de8-c9e27ad03e10,CANASTA_2026W31_V1,LECHE,07798338291612,LECHE PRIM AÑOS UHT L3N,L3N,1000.0,ML,False,True,True
941da9b2-93b6-40b8-8de8-c9e27ad03e10,CANASTA_2026W31_V1,LECHE,07798338291803,"LECHE UAT DESC.C/PROT.VIDA ACTIVA, LAS TRES NIÑAS, 1000 cm3",LAS TRES NIÑAS,1000.0,ML,False,True,True
941da9b2-93b6-40b8-8de8-c9e27ad03e10,CANASTA_2026W31_V1,LECHE,07799120000245,GV LECHE ENTERA UHT,GREAT VALUE,1000.0,ML,False,True,True
941da9b2-93b6-40b8-8de8-c9e27ad03e10,CANASTA_2026W31_V1,LECHE,07799120000993,CHECK LECHE UAT DESC,CHECK,1000.0,ML,False,True,True
941da9b2-93b6-40b8-8de8-c9e27ad03e10,CANASTA_2026W31_V1,LECHE,07799120001037,CHECK LECHE UAT 0 LAC,CHECK,1000.0,ML,False,True,True
941da9b2-93b6-40b8-8de8-c9e27ad03e10,CANASTA_2026W31_V1,LECHE,08480017006080,LECHE ENT LARGA VIDA,DIA,1000.0,ML,False,True,True
941da9b2-93b6-40b8-8de8-c9e27ad03e10,CANASTA_2026W31_V1,YERBA,07792710000182,"YERBA MATE C/PALO TRADICIONAL, AMANDA, 500 gr",AMANDA,500.0,G,True,True,True
941da9b2-93b6-40b8-8de8-c9e27ad03e10,CANASTA_2026W31_V1,YERBA,00758890928040,YERBA MATE TRADICIONAL DON BASILIO PAQ 500 GRM,DON BASILIO,500.0,G,False,True,True
941da9b2-93b6-40b8-8de8-c9e27ad03e10,CANASTA_2026W31_V1,YERBA,07730241003661,"YERBA MATE S/PALO TRADICIONAL, CANARIAS, 500 gr",CANARIAS,500.0,G,False,True,True
941da9b2-93b6-40b8-8de8-c9e27ad03e10,CANASTA_2026W31_V1,YERBA,07790070509048,YERBA MATE TRADICIONAL CRUZ DE MALTA PAQ 500 GRM,CRUZ DE MALTA,500.0,G,False,True,True
941da9b2-93b6-40b8-8de8-c9e27ad03e10,CANASTA_2026W31_V1,YERBA,07793670000687,YERBA MATE TRADICIONAL,VERDEFLOR,500.0,G,False,True,True
941da9b2-93b6-40b8-8de8-c9e27ad03e10,CANASTA_2026W31_V1,YERBA,07793750009838,"YERBA MATE C/PALO TRADICIONAL, PIPORE, 500 gr",PIPORE,500.0,G,False,True,True
941da9b2-93b6-40b8-8de8-c9e27ad03e10,CANASTA_2026W31_V1,YERBA,07798409940012,YERBA MATE TRADICIONAL ALBA NUEVA PAQ 500 GRM,ALBA NUEVA,500.0,G,False,True,True
