build_id,basket_version,snapshot_date,id_comercio,id_bandera,active_stores,complete_stores,completion_rate,branch_mean_cost,branch_median_cost,cost_p10,cost_p90,coverage_status,banner_label
941da9b2-93b6-40b8-8de8-c9e27ad03e10,CANASTA_2026W31_V1,2026-07-27,10,4,35,2,0.05714285714285714,27291.0,27291.0,26975.0,27607.0,SUPPRESSED,Maxi
941da9b2-93b6-40b8-8de8-c9e27ad03e10,CANASTA_2026W31_V1,2026-07-27,9,1,158,106,0.6708860759493671,29229.509433962263,29216.0,28868.0,29563.0,PUBLISHABLE,Vea
941da9b2-93b6-40b8-8de8-c9e27ad03e10,CANASTA_2026W31_V1,2026-07-27,10,1,82,62,0.7560975609756098,30509.483870967742,30388.0,28656.6,31426.0,PUBLISHABLE,Hipermercado Carrefour
941da9b2-93b6-40b8-8de8-c9e27ad03e10,CANASTA_2026W31_V1,2026-07-27,11,4,9,9,1.0,31756.444444444445,30708.0,30394.0,34112.0,DIRECTIONAL,SuperChangomas
941da9b2-93b6-40b8-8de8-c9e27ad03e10,CANASTA_2026W31_V1,2026-07-27,10,2,80,60,0.75,30631.5,30992.0,28580.0,32177.9,PUBLISHABLE,Market
941da9b2-93b6-40b8-8de8-c9e27ad03e10,CANASTA_2026W31_V1,2026-07-27,15,1,983,487,0.49542217700915564,31454.552361396305,31544.0,31186.0,31544.0,PUBLISHABLE,DIA
941da9b2-93b6-40b8-8de8-c9e27ad03e10,CANASTA_2026W31_V1,2026-07-27,10,3,513,423,0.8245614035087719,31713.401891252954,31697.0,31545.0,32122.0,PUBLISHABLE,Express
941da9b2-93b6-40b8-8de8-c9e27ad03e10,CANASTA_2026W31_V1,2026-07-27,12,1,120,83,0.6916666666666667,32840.8665060241,32734.0,32734.0,32925.0,PUBLISHABLE,COTO
941da9b2-93b6-40b8-8de8-c9e27ad03e10,CANASTA_2026W31_V1,2026-07-27,9,3,33,24,0.7272727272727273,33153.666666666664,33244.0,31971.4,33415.5,PUBLISHABLE,Jumbo
941da9b2-93b6-40b8-8de8-c9e27ad03e10,CANASTA_2026W31_V1,2026-07-27,9,2,71,38,0.5352112676056338,33109.21052631579,33298.0,32344.1,33299.0,PUBLISHABLE,Disco
941da9b2-93b6-40b8-8de8-c9e27ad03e10,CANASTA_2026W31_V1,2026-07-27,11,2,53,53,1.0,33657.018867924526,33782.0,30708.0,35902.0,PUBLISHABLE,Changomas
941da9b2-93b6-40b8-8de8-c9e27ad03e10,CANASTA_2026W31_V1,2026-07-27,11,5,31,31,1.0,33368.903225806454,34272.0,30848.0,34732.0,PUBLISHABLE,HiperChangomas
941da9b2-93b6-40b8-8de8-c9e27ad03e10,CANASTA_2026W31_V1,2026-07-27,21,1,27,0,0.0,,,,,SUPPRESSED,Toledo
941da9b2-93b6-40b8-8de8-c9e27ad03e10,CANASTA_2026W31_V1,2026-07-27,2,1,184,0,0.0,,,,,SUPPRESSED,La Anonima
941da9b2-93b6-40b8-8de8-c9e27ad03e10,CANASTA_2026W31_V1,2026-07-27,4,1,1,0,0.0,,,,,SUPPRESSED,ESTACION LIMA S.A.
941da9b2-93b6-40b8-8de8-c9e27ad03e10,CANASTA_2026W31_V1,2026-07-27,3,1,35,0,0.0,,,,,SUPPRESSED,DEHEZA S.A.I.C.F. e I.
941da9b2-93b6-40b8-8de8-c9e27ad03e10,CANASTA_2026W31_V1,2026-07-27,47,1,3,0,0.0,,,,,SUPPRESSED,Sup. Unicoop
941da9b2-93b6-40b8-8de8-c9e27ad03e10,CANASTA_2026W31_V1,2026-07-27,13,1,155,0,0.0,,,,,SUPPRESSED,Cooperativa Obrera
941da9b2-93b6-40b8-8de8-c9e27ad03e10,CANASTA_2026W31_V1,2026-07-27,8,1,11,0,0.0,,,,,SUPPRESSED,Mariano Max
941da9b2-93b6-40b8-8de8-c9e27ad03e10,CANASTA_2026W31_V1,2026-07-27,23,1,54,0,0.0,,,,,SUPPRESSED,Axion Energy
941da9b2-93b6-40b8-8de8-c9e27ad03e10,CANASTA_2026W31_V1,2026-07-27,6,1,23,0,0.0,,,,,SUPPRESSED,Supermercados Comodin
941da9b2-93b6-40b8-8de8-c9e27ad03e10,CANASTA_2026W31_V1,2026-07-27,6,2,3,0,0.0,,,,,SUPPRESSED,Maxi Comodin
941da9b2-93b6-40b8-8de8-c9e27ad03e10,CANASTA_2026W31_V1,2026-07-27,5,1,7,0,0.0,,,,,SUPPRESSED,California Supermercados
941da9b2-93b6-40b8-8de8-c9e27ad03e10,CANASTA_2026W31_V1,2026-07-27,16,1,7,0,0.0,,,,,SUPPRESSED,Hipermercado Libertad
941da9b2-93b6-40b8-8de8-c9e27ad03e10,CANASTA_2026W31_V1,2026-07-28,10,4,35,2,0.05714285714285714,27686.0,27686.0,27686.0,27686.0,SUPPRESSED,Maxi
941da9b2-93b6-40b8-8de8-c9e27ad03e10,CANASTA_2026W31_V1,2026-07-28,9,1,158,109,0.689873417721519,29244.77981651376,29216.0,28868.0,29563.0,PUBLISHABLE,Vea
941da9b2-93b6-40b8-8de8-c9e27ad03e10,CANASTA_2026W31_V1,2026-07-28,10,1,82,64,0.7804878048780488,30424.84375,30388.0,28524.0,31426.0,PUBLISHABLE,Hipermercado Carrefour
941da9b2-93b6-40b8-8de8-c9e27ad03e10,CANASTA_2026W31_V1,2026-07-28,11,4,9,9,1.0,31756.444444444445,30708.0,30394.0,34112.0,DIRECTIONAL,SuperChangomas
941da9b2-93b6-40b8-8de8-c9e27ad03e10,CANASTA_2026W31_V1,2026-07-28,10,2,80,60,0.75,30573.166666666668,30992.0,28580.0,32177.9,PUBLISHABLE,Market
941da9b2-93b6-40b8-8de8-c9e27ad03e10,CANASTA_2026W31_V1,2026-07-28,10,3,513,431,0.8401559454191033,31700.25290023202,31697.0,31545.0,32122.0,PUBLISHABLE,Express
941da9b2-93b6-40b8-8de8-c9e27ad03e10,CANASTA_2026W31_V1,2026-07-28,12,1,120,86,0.7166666666666667,32835.30139534884,32734.0,32734.0,32925.0,PUBLISHABLE,COTO
941da9b2-93b6-40b8-8de8-c9e27ad03e10,CANASTA_2026W31_V1,2026-07-28,9,3,33,24,0.7272727272727273,33153.666666666664,33244.0,31971.4,33415.5,PUBLISHABLE,Jumbo
941da9b2-93b6-40b8-8de8-c9e27ad03e10,CANASTA_2026W31_V1,2026-07-28,9,2,71,38,0.5352112676056338,33109.21052631579,33298.0,32344.1,33299.0,PUBLISHABLE,Disco
941da9b2-93b6-40b8-8de8-c9e27ad03e10,CANASTA_2026W31_V1,2026-07-28,11,2,53,53,1.0,33657.018867924526,33782.0,30708.0,35902.0,PUBLISHABLE,Changomas
941da9b2-93b6-40b8-8de8-c9e27ad03e10,CANASTA_2026W31_V1,2026-07-28,11,5,31,31,1.0,33368.903225806454,34272.0,30848.0,34732.0,PUBLISHABLE,HiperChangomas
941da9b2-93b6-40b8-8de8-c9e27ad03e10,CANASTA_2026W31_V1,2026-07-28,3,1,35,0,0.0,,,,,SUPPRESSED,DEHEZA S.A.I.C.F. e I.
941da9b2-93b6-40b8-8de8-c9e27ad03e10,CANASTA_2026W31_V1,2026-07-28,47,1,3,0,0.0,,,,,SUPPRESSED,Sup. Unicoop
941da9b2-93b6-40b8-8de8-c9e27ad03e10,CANASTA_2026W31_V1,2026-07-28,5,1,7,0,0.0,,,,,SUPPRESSED,California Supermercados
941da9b2-93b6-40b8-8de8-c9e27ad03e10,CANASTA_2026W31_V1,2026-07-28,8,1,11,0,0.0,,,,,SUPPRESSED,Mariano Max
941da9b2-93b6-40b8-8de8-c9e27ad03e10,CANASTA_2026W31_V1,2026-07-28,15,1,983,0,0.0,,,,,SUPPRESSED,DIA
941da9b2-93b6-40b8-8de8-c9e27ad03e10,CANASTA_2026W31_V1,2026-07-28,21,1,27,0,0.0,,,,,SUPPRESSED,Toledo
941da9b2-93b6-40b8-8de8-c9e27ad03e10,CANASTA_2026W31_V1,2026-07-28,4,1,1,0,0.0,,,,,SUPPRESSED,ESTACION LIMA S.A.
941da9b2-93b6-40b8-8de8-c9e27ad03e10,CANASTA_2026W31_V1,2026-07-28,6,2,3,0,0.0,,,,,SUPPRESSED,Maxi Comodin
941da9b2-93b6-40b8-8de8-c9e27ad03e10,CANASTA_2026W31_V1,2026-07-28,2,1,184,0,0.0,,,,,SUPPRESSED,La Anonima
941da9b2-93b6-40b8-8de8-c9e27ad03e10,CANASTA_2026W31_V1,2026-07-28,6,1,23,0,0.0,,,,,SUPPRESSED,Supermercados Comodin
941da9b2-93b6-40b8-8de8-c9e27ad03e10,CANASTA_2026W31_V1,2026-07-28,23,1,54,0,0.0,,,,,SUPPRESSED,Axion Energy
941da9b2-93b6-40b8-8de8-c9e27ad03e10,CANASTA_2026W31_V1,2026-07-28,16,1,7,0,0.0,,,,,SUPPRESSED,Hipermercado Libertad
941da9b2-93b6-40b8-8de8-c9e27ad03e10,CANASTA_2026W31_V1,2026-07-28,13,1,155,0,0.0,,,,,SUPPRESSED,Cooperativa Obrera
941da9b2-93b6-40b8-8de8-c9e27ad03e10,CANASTA_2026W31_V1,2026-07-29,10,4,35,2,0.05714285714285714,27686.0,27686.0,27686.0,27686.0,SUPPRESSED,Maxi
941da9b2-93b6-40b8-8de8-c9e27ad03e10,CANASTA_2026W31_V1,2026-07-29,9,1,158,106,0.6708860759493671,29090.443396226416,29109.0,28668.0,29543.0,PUBLISHABLE,Vea
941da9b2-93b6-40b8-8de8-c9e27ad03e10,CANASTA_2026W31_V1,2026-07-29,10,1,82,69,0.8414634146341463,30438.91304347826,30388.0,28524.0,31426.0,PUBLISHABLE,Hipermercado Carrefour
941da9b2-93b6-40b8-8de8-c9e27ad03e10,CANASTA_2026W31_V1,2026-07-29,11,4,9,9,1.0,31756.444444444445,30708.0,30394.0,34112.0,DIRECTIONAL,SuperChangomas
941da9b2-93b6-40b8-8de8-c9e27ad03e10,CANASTA_2026W31_V1,2026-07-29,10,2,80,60,0.75,30583.3,30992.0,28580.0,32122.0,PUBLISHABLE,Market
941da9b2-93b6-40b8-8de8-c9e27ad03e10,CANASTA_2026W31_V1,2026-07-29,15,1,983,970,0.9867751780264497,31284.645360824743,31409.0,30971.0,31409.0,PUBLISHABLE,DIA
941da9b2-93b6-40b8-8de8-c9e27ad03e10,CANASTA_2026W31_V1,2026-07-29,10,3,513,456,0.8888888888888888,31681.837719298244,31697.0,31545.0,32122.0,PUBLISHABLE,Express
941da9b2-93b6-40b8-8de8-c9e27ad03e10,CANASTA_2026W31_V1,2026-07-29,12,1,120,87,0.725,32829.06804597701,32734.0,32734.0,32988.2,PUBLISHABLE,COTO
941da9b2-93b6-40b8-8de8-c9e27ad03e10,CANASTA_2026W31_V1,2026-07-29,9,3,33,24,0.7272727272727273,32808.041666666664,32771.0,32077.4,32771.0,PUBLISHABLE,Jumbo
941da9b2-93b6-40b8-8de8-c9e27ad03e10,CANASTA_2026W31_V1,2026-07-29,9,2,71,38,0.5352112676056338,32877.18421052631,33035.0,32062.4,33035.0,PUBLISHABLE,Disco
941da9b2-93b6-40b8-8de8-c9e27ad03e10,CANASTA_2026W31_V1,2026-07-29,11,2,53,53,1.0,33657.018867924526,33782.0,30708.0,35902.0,PUBLISHABLE,Changomas
941da9b2-93b6-40b8-8de8-c9e27ad03e10,CANASTA_2026W31_V1,2026-07-29,11,5,31,31,1.0,33368.903225806454,34272.0,30848.0,34732.0,PUBLISHABLE,HiperChangomas
941da9b2-93b6-40b8-8de8-c9e27ad03e10,CANASTA_2026W31_V1,2026-07-29,4,1,1,0,0.0,,,,,SUPPRESSED,ESTACION LIMA S.A.
941da9b2-93b6-40b8-8de8-c9e27ad03e10,CANASTA_2026W31_V1,2026-07-29,16,1,7,0,0.0,,,,,SUPPRESSED,Hipermercado Libertad
941da9b2-93b6-40b8-8de8-c9e27ad03e10,CANASTA_2026W31_V1,2026-07-29,5,1,7,0,0.0,,,,,SUPPRESSED,California Supermercados
941da9b2-93b6-40b8-8de8-c9e27ad03e10,CANASTA_2026W31_V1,2026-07-29,6,1,23,0,0.0,,,,,SUPPRESSED,Supermercados Comodin
941da9b2-93b6-40b8-8de8-c9e27ad03e10,CANASTA_2026W31_V1,2026-07-29,3,1,35,0,0.0,,,,,SUPPRESSED,DEHEZA S.A.I.C.F. e I.
941da9b2-93b6-40b8-8de8-c9e27ad03e10,CANASTA_2026W31_V1,2026-07-29,21,1,27,0,0.0,,,,,SUPPRESSED,Toledo
941da9b2-93b6-40b8-8de8-c9e27ad03e10,CANASTA_2026W31_V1,2026-07-29,8,1,11,0,0.0,,,,,SUPPRESSED,Mariano Max
941da9b2-93b6-40b8-8de8-c9e27ad03e10,CANASTA_2026W31_V1,2026-07-29,13,1,155,0,0.0,,,,,SUPPRESSED,Cooperativa Obrera
941da9b2-93b6-40b8-8de8-c9e27ad03e10,CANASTA_2026W31_V1,2026-07-29,6,2,3,0,0.0,,,,,SUPPRESSED,Maxi Comodin
941da9b2-93b6-40b8-8de8-c9e27ad03e10,CANASTA_2026W31_V1,2026-07-29,47,1,3,0,0.0,,,,,SUPPRESSED,Sup. Unicoop
941da9b2-93b6-40b8-8de8-c9e27ad03e10,CANASTA_2026W31_V1,2026-07-29,20,1,4,0,0.0,,,,,SUPPRESSED,LA AGRICOLA REGIONAL COOPERATIVA LIMITADA
941da9b2-93b6-40b8-8de8-c9e27ad03e10,CANASTA_2026W31_V1,2026-07-29,2,1,184,0,0.0,,,,,SUPPRESSED,La Anonima
941da9b2-93b6-40b8-8de8-c9e27ad03e10,CANASTA_2026W31_V1,2026-07-30,10,4,35,2,0.05714285714285714,27686.0,27686.0,27686.0,27686.0,SUPPRESSED,Maxi
941da9b2-93b6-40b8-8de8-c9e27ad03e10,CANASTA_2026W31_V1,2026-07-30,9,1,158,106,0.6708860759493671,29059.22641509434,28956.0,28668.0,29503.0,PUBLISHABLE,Vea
941da9b2-93b6-40b8-8de8-c9e27ad03e10,CANASTA_2026W31_V1,2026-07-30,10,1,82,73,0.8902439024390244,30535.890410958906,30517.0,28545.2,31555.0,PUBLISHABLE,Hipermercado Carrefour
941da9b2-93b6-40b8-8de8-c9e27ad03e10,CANASTA_2026W31_V1,2026-07-30,11,4,9,9,1.0,31756.444444444445,30708.0,30394.0,34112.0,DIRECTIONAL,SuperChangomas
941da9b2-93b6-40b8-8de8-c9e27ad03e10,CANASTA_2026W31_V1,2026-07-30,10,2,81,61,0.7530864197530864,30683.245901639344,31121.0,28580.0,32122.0,PUBLISHABLE,Market
941da9b2-93b6-40b8-8de8-c9e27ad03e10,CANASTA_2026W31_V1,2026-07-30,15,1,983,968,0.9847405900305188,31284.388429752067,31409.0,30971.0,31409.0,PUBLISHABLE,DIA
941da9b2-93b6-40b8-8de8-c9e27ad03e10,CANASTA_2026W31_V1,2026-07-30,10,3,512,454,0.88671875,31691.491189427314,31697.0,31545.0,32122.0,PUBLISHABLE,Express
941da9b2-93b6-40b8-8de8-c9e27ad03e10,CANASTA_2026W31_V1,2026-07-30,12,1,120,84,0.7,32804.00261904762,32734.0,32734.0,32925.0,PUBLISHABLE,COTO
941da9b2-93b6-40b8-8de8-c9e27ad03e10,CANASTA_2026W31_V1,2026-07-30,9,3,33,24,0.7272727272727273,33366.333333333336,33244.0,33217.0,33538.7,PUBLISHABLE,Jumbo
941da9b2-93b6-40b8-8de8-c9e27ad03e10,CANASTA_2026W31_V1,2026-07-30,9,2,71,37,0.5211267605633803,33380.08108108108,33508.0,32782.0,33508.0,PUBLISHABLE,Disco
941da9b2-93b6-40b8-8de8-c9e27ad03e10,CANASTA_2026W31_V1,2026-07-30,11,2,53,53,1.0,33657.018867924526,33782.0,30708.0,35902.0,PUBLISHABLE,Changomas
941da9b2-93b6-40b8-8de8-c9e27ad03e10,CANASTA_2026W31_V1,2026-07-30,11,5,31,31,1.0,33368.903225806454,34272.0,30848.0,34732.0,PUBLISHABLE,HiperChangomas
941da9b2-93b6-40b8-8de8-c9e27ad03e10,CANASTA_2026W31_V1,2026-07-30,23,1,54,0,0.0,,,,,SUPPRESSED,Axion Energy
941da9b2-93b6-40b8-8de8-c9e27ad03e10,CANASTA_2026W31_V1,2026-07-30,6,1,23,0,0.0,,,,,SUPPRESSED,Supermercados Comodin
941da9b2-93b6-40b8-8de8-c9e27ad03e10,CANASTA_2026W31_V1,2026-07-30,13,1,155,0,0.0,,,,,SUPPRESSED,Cooperativa Obrera
941da9b2-93b6-40b8-8de8-c9e27ad03e10,CANASTA_2026W31_V1,2026-07-30,6,2,3,0,0.0,,,,,SUPPRESSED,Maxi Comodin
941da9b2-93b6-40b8-8de8-c9e27ad03e10,CANASTA_2026W31_V1,2026-07-30,8,1,11,0,0.0,,,,,SUPPRESSED,Mariano Max
941da9b2-93b6-40b8-8de8-c9e27ad03e10,CANASTA_2026W31_V1,2026-07-30,5,1,7,0,0.0,,,,,SUPPRESSED,California Supermercados
941da9b2-93b6-40b8-8de8-c9e27ad03e10,CANASTA_2026W31_V1,2026-07-30,3,1,35,0,0.0,,,,,SUPPRESSED,DEHEZA S.A.I.C.F. e I.
941da9b2-93b6-40b8-8de8-c9e27ad03e10,CANASTA_2026W31_V1,2026-07-30,24,1,56,0,0.0,,,,,SUPPRESSED,SIMPLICITY
941da9b2-93b6-40b8-8de8-c9e27ad03e10,CANASTA_2026W31_V1,2026-07-30,20,1,4,0,0.0,,,,,SUPPRESSED,LA AGRICOLA REGIONAL COOPERATIVA LIMITADA
941da9b2-93b6-40b8-8de8-c9e27ad03e10,CANASTA_2026W31_V1,2026-07-30,4,1,1,0,0.0,,,,,SUPPRESSED,ESTACION LIMA S.A.
941da9b2-93b6-40b8-8de8-c9e27ad03e10,CANASTA_2026W31_V1,2026-07-30,47,1,3,0,0.0,,,,,SUPPRESSED,Sup. Unicoop
941da9b2-93b6-40b8-8de8-c9e27ad03e10,CANASTA_2026W31_V1,2026-07-30,2,1,184,0,0.0,,,,,SUPPRESSED,La Anonima
941da9b2-93b6-40b8-8de8-c9e27ad03e10,CANASTA_2026W31_V1,2026-07-30,21,1,27,0,0.0,,,,,SUPPRESSED,Toledo
941da9b2-93b6-40b8-8de8-c9e27ad03e10,CANASTA_2026W31_V1,2026-07-30,16,1,7,0,0.0,,,,,SUPPRESSED,Hipermercado Libertad
941da9b2-93b6-40b8-8de8-c9e27ad03e10,CANASTA_2026W31_V1,2026-07-30,24,2,272,0,0.0,,,,,SUPPRESSED,FARMACITY
941da9b2-93b6-40b8-8de8-c9e27ad03e10,CANASTA_2026W31_V1,2026-07-31,10,4,35,2,0.05714285714285714,27501.5,27501.5,27357.9,27645.1,SUPPRESSED,Maxi
941da9b2-93b6-40b8-8de8-c9e27ad03e10,CANASTA_2026W31_V1,2026-07-31,9,1,158,110,0.6962025316455697,29066.609090909093,28956.0,28668.0,29543.0,PUBLISHABLE,Vea
941da9b2-93b6-40b8-8de8-c9e27ad03e10,CANASTA_2026W31_V1,2026-07-31,10,1,82,73,0.8902439024390244,30373.616438356163,30228.0,28727.2,31221.0,PUBLISHABLE,Hipermercado Carrefour
941da9b2-93b6-40b8-8de8-c9e27ad03e10,CANASTA_2026W31_V1,2026-07-31,11,4,9,9,1.0,31756.444444444445,30708.0,30394.0,34112.0,DIRECTIONAL,SuperChangomas
941da9b2-93b6-40b8-8de8-c9e27ad03e10,CANASTA_2026W31_V1,2026-07-31,10,2,80,58,0.725,30694.01724137931,31055.0,28731.5,32251.0,PUBLISHABLE,Market
941da9b2-93b6-40b8-8de8-c9e27ad03e10,CANASTA_2026W31_V1,2026-07-31,15,1,983,968,0.9847405900305188,31390.117768595042,31519.0,31077.0,31519.0,PUBLISHABLE,DIA
941da9b2-93b6-40b8-8de8-c9e27ad03e10,CANASTA_2026W31_V1,2026-07-31,10,3,512,428,0.8359375,31824.056074766355,31826.0,31716.0,32251.0,PUBLISHABLE,Express
941da9b2-93b6-40b8-8de8-c9e27ad03e10,CANASTA_2026W31_V1,2026-07-31,12,1,120,84,0.7,32810.995,32734.0,32734.0,32925.0,PUBLISHABLE,COTO
941da9b2-93b6-40b8-8de8-c9e27ad03e10,CANASTA_2026W31_V1,2026-07-31,9,3,33,23,0.696969696969697,33283.30434782609,33244.0,33217.0,33244.0,PUBLISHABLE,Jumbo
941da9b2-93b6-40b8-8de8-c9e27ad03e10,CANASTA_2026W31_V1,2026-07-31,9,2,71,37,0.5211267605633803,33360.45945945946,33495.0,32782.0,33508.0,PUBLISHABLE,Disco
941da9b2-93b6-40b8-8de8-c9e27ad03e10,CANASTA_2026W31_V1,2026-07-31,11,2,53,53,1.0,33657.018867924526,33782.0,30708.0,35902.0,PUBLISHABLE,Changomas
941da9b2-93b6-40b8-8de8-c9e27ad03e10,CANASTA_2026W31_V1,2026-07-31,11,5,31,31,1.0,33368.903225806454,34272.0,30848.0,34732.0,PUBLISHABLE,HiperChangomas
941da9b2-93b6-40b8-8de8-c9e27ad03e10,CANASTA_2026W31_V1,2026-07-31,4,1,1,0,0.0,,,,,SUPPRESSED,ESTACION LIMA S.A.
941da9b2-93b6-40b8-8de8-c9e27ad03e10,CANASTA_2026W31_V1,2026-07-31,3,1,35,0,0.0,,,,,SUPPRESSED,DEHEZA S.A.I.C.F. e I.
941da9b2-93b6-40b8-8de8-c9e27ad03e10,CANASTA_2026W31_V1,2026-07-31,23,1,54,0,0.0,,,,,SUPPRESSED,Axion Energy
941da9b2-93b6-40b8-8de8-c9e27ad03e10,CANASTA_2026W31_V1,2026-07-31,5,1,7,0,0.0,,,,,SUPPRESSED,California Supermercados
941da9b2-93b6-40b8-8de8-c9e27ad03e10,CANASTA_2026W31_V1,2026-07-31,20,1,4,0,0.0,,,,,SUPPRESSED,LA AGRICOLA REGIONAL COOPERATIVA LIMITADA
941da9b2-93b6-40b8-8de8-c9e27ad03e10,CANASTA_2026W31_V1,2026-07-31,47,1,3,0,0.0,,,,,SUPPRESSED,Sup. Unicoop
941da9b2-93b6-40b8-8de8-c9e27ad03e10,CANASTA_2026W31_V1,2026-07-31,8,1,11,0,0.0,,,,,SUPPRESSED,Mariano Max
941da9b2-93b6-40b8-8de8-c9e27ad03e10,CANASTA_2026W31_V1,2026-07-31,13,1,155,0,0.0,,,,,SUPPRESSED,Cooperativa Obrera
941da9b2-93b6-40b8-8de8-c9e27ad03e10,CANASTA_2026W31_V1,2026-07-31,6,2,3,0,0.0,,,,,SUPPRESSED,Maxi Comodin
941da9b2-93b6-40b8-8de8-c9e27ad03e10,CANASTA_2026W31_V1,2026-07-31,2,1,184,0,0.0,,,,,SUPPRESSED,La Anonima
941da9b2-93b6-40b8-8de8-c9e27ad03e10,CANASTA_2026W31_V1,2026-07-31,21,1,27,0,0.0,,,,,SUPPRESSED,Toledo
941da9b2-93b6-40b8-8de8-c9e27ad03e10,CANASTA_2026W31_V1,2026-07-31,16,1,7,0,0.0,,,,,SUPPRESSED,Hipermercado Libertad
941da9b2-93b6-40b8-8de8-c9e27ad03e10,CANASTA_2026W31_V1,2026-07-31,6,1,23,0,0.0,,,,,SUPPRESSED,Supermercados Comodin
941da9b2-93b6-40b8-8de8-c9e27ad03e10,CANASTA_2026W31_V1,2026-08-01,10,4,35,2,0.05714285714285714,27501.5,27501.5,27357.9,27645.1,SUPPRESSED,Maxi
941da9b2-93b6-40b8-8de8-c9e27ad03e10,CANASTA_2026W31_V1,2026-08-01,9,1,158,109,0.689873417721519,29082.183486238533,29109.0,28668.0,29543.0,PUBLISHABLE,Vea
941da9b2-93b6-40b8-8de8-c9e27ad03e10,CANASTA_2026W31_V1,2026-08-01,10,1,82,76,0.926829268292683,30310.486842105263,30228.0,28699.0,31221.0,PUBLISHABLE,Hipermercado Carrefour
941da9b2-93b6-40b8-8de8-c9e27ad03e10,CANASTA_2026W31_V1,2026-08-01,11,4,9,9,1.0,31756.444444444445,30708.0,30394.0,34112.0,DIRECTIONAL,SuperChangomas
941da9b2-93b6-40b8-8de8-c9e27ad03e10,CANASTA_2026W31_V1,2026-08-01,10,2,80,55,0.6875,30649.163636363635,31055.0,28718.0,32111.0,PUBLISHABLE,Market
941da9b2-93b6-40b8-8de8-c9e27ad03e10,CANASTA_2026W31_V1,2026-08-01,10,3,512,421,0.822265625,31705.216152019002,31686.0,31686.0,32111.0,PUBLISHABLE,Express
941da9b2-93b6-40b8-8de8-c9e27ad03e10,CANASTA_2026W31_V1,2026-08-01,12,1,120,76,0.6333333333333333,32820.74447368421,32734.0,32734.0,33004.0,PUBLISHABLE,COTO
941da9b2-93b6-40b8-8de8-c9e27ad03e10,CANASTA_2026W31_V1,2026-08-01,9,3,33,23,0.696969696969697,33283.30434782609,33244.0,33217.0,33244.0,PUBLISHABLE,Jumbo
941da9b2-93b6-40b8-8de8-c9e27ad03e10,CANASTA_2026W31_V1,2026-08-01,9,2,71,39,0.5492957746478874,33367.692307692305,33495.0,32782.0,33508.0,PUBLISHABLE,Disco
941da9b2-93b6-40b8-8de8-c9e27ad03e10,CANASTA_2026W31_V1,2026-08-01,11,2,53,53,1.0,33657.018867924526,33782.0,30708.0,35902.0,PUBLISHABLE,Changomas
941da9b2-93b6-40b8-8de8-c9e27ad03e10,CANASTA_2026W31_V1,2026-08-01,11,5,31,31,1.0,33368.903225806454,34272.0,30848.0,34732.0,PUBLISHABLE,HiperChangomas
941da9b2-93b6-40b8-8de8-c9e27ad03e10,CANASTA_2026W31_V1,2026-08-01,20,1,4,0,0.0,,,,,SUPPRESSED,LA AGRICOLA REGIONAL COOPERATIVA LIMITADA
941da9b2-93b6-40b8-8de8-c9e27ad03e10,CANASTA_2026W31_V1,2026-08-01,5,1,7,0,0.0,,,,,SUPPRESSED,California Supermercados
941da9b2-93b6-40b8-8de8-c9e27ad03e10,CANASTA_2026W31_V1,2026-08-01,21,1,27,0,0.0,,,,,SUPPRESSED,Toledo
941da9b2-93b6-40b8-8de8-c9e27ad03e10,CANASTA_2026W31_V1,2026-08-01,6,1,23,0,0.0,,,,,SUPPRESSED,Supermercados Comodin
941da9b2-93b6-40b8-8de8-c9e27ad03e10,CANASTA_2026W31_V1,2026-08-01,16,1,7,0,0.0,,,,,SUPPRESSED,Hipermercado Libertad
941da9b2-93b6-40b8-8de8-c9e27ad03e10,CANASTA_2026W31_V1,2026-08-01,3,1,35,0,0.0,,,,,SUPPRESSED,DEHEZA S.A.I.C.F. e I.
941da9b2-93b6-40b8-8de8-c9e27ad03e10,CANASTA_2026W31_V1,2026-08-01,23,1,54,0,0.0,,,,,SUPPRESSED,Axion Energy
941da9b2-93b6-40b8-8de8-c9e27ad03e10,CANASTA_2026W31_V1,2026-08-01,13,1,155,0,0.0,,,,,SUPPRESSED,Cooperativa Obrera
941da9b2-93b6-40b8-8de8-c9e27ad03e10,CANASTA_2026W31_V1,2026-08-01,47,1,3,0,0.0,,,,,SUPPRESSED,Sup. Unicoop
941da9b2-93b6-40b8-8de8-c9e27ad03e10,CANASTA_2026W31_V1,2026-08-01,4,1,1,0,0.0,,,,,SUPPRESSED,ESTACION LIMA S.A.
941da9b2-93b6-40b8-8de8-c9e27ad03e10,CANASTA_2026W31_V1,2026-08-01,6,2,3,0,0.0,,,,,SUPPRESSED,Maxi Comodin
941da9b2-93b6-40b8-8de8-c9e27ad03e10,CANASTA_2026W31_V1,2026-08-01,2,1,184,0,0.0,,,,,SUPPRESSED,La Anonima
941da9b2-93b6-40b8-8de8-c9e27ad03e10,CANASTA_2026W31_V1,2026-08-01,8,1,11,0,0.0,,,,,SUPPRESSED,Mariano Max
941da9b2-93b6-40b8-8de8-c9e27ad03e10,CANASTA_2026W31_V1,2026-08-02,10,4,35,2,0.05714285714285714,27501.5,27501.5,27357.9,27645.1,SUPPRESSED,Maxi
941da9b2-93b6-40b8-8de8-c9e27ad03e10,CANASTA_2026W31_V1,2026-08-02,9,1,158,113,0.7151898734177216,29085.11504424779,29109.0,28668.0,29543.0,PUBLISHABLE,Vea
941da9b2-93b6-40b8-8de8-c9e27ad03e10,CANASTA_2026W31_V1,2026-08-02,10,1,82,73,0.8902439024390244,30353.698630136987,30228.0,28727.2,31221.0,PUBLISHABLE,Hipermercado Carrefour
941da9b2-93b6-40b8-8de8-c9e27ad03e10,CANASTA_2026W31_V1,2026-08-02,11,4,9,9,1.0,31756.444444444445,30708.0,30394.0,34112.0,DIRECTIONAL,SuperChangomas
941da9b2-93b6-40b8-8de8-c9e27ad03e10,CANASTA_2026W31_V1,2026-08-02,10,2,80,57,0.7125,30716.333333333332,31055.0,28727.0,32111.0,PUBLISHABLE,Market
941da9b2-93b6-40b8-8de8-c9e27ad03e10,CANASTA_2026W31_V1,2026-08-02,15,1,983,968,0.9847405900305188,31529.87603305785,31654.0,31208.0,31654.0,PUBLISHABLE,DIA
941da9b2-93b6-40b8-8de8-c9e27ad03e10,CANASTA_2026W31_V1,2026-08-02,10,3,512,407,0.794921875,31694.272727272728,31686.0,31686.0,32111.0,PUBLISHABLE,Express
941da9b2-93b6-40b8-8de8-c9e27ad03e10,CANASTA_2026W31_V1,2026-08-02,12,1,120,72,0.6,32806.83152777778,32734.0,32734.0,32925.0,PUBLISHABLE,COTO
941da9b2-93b6-40b8-8de8-c9e27ad03e10,CANASTA_2026W31_V1,2026-08-02,9,3,33,22,0.6666666666666666,33286.318181818184,33244.0,33219.7,33244.0,PUBLISHABLE,Jumbo
941da9b2-93b6-40b8-8de8-c9e27ad03e10,CANASTA_2026W31_V1,2026-08-02,9,2,71,36,0.5070422535211268,33376.52777777778,33501.5,32782.0,33508.0,PUBLISHABLE,Disco
941da9b2-93b6-40b8-8de8-c9e27ad03e10,CANASTA_2026W31_V1,2026-08-02,11,2,53,53,1.0,33657.018867924526,33782.0,30708.0,35902.0,PUBLISHABLE,Changomas
941da9b2-93b6-40b8-8de8-c9e27ad03e10,CANASTA_2026W31_V1,2026-08-02,11,5,31,31,1.0,33368.903225806454,34272.0,30848.0,34732.0,PUBLISHABLE,HiperChangomas
941da9b2-93b6-40b8-8de8-c9e27ad03e10,CANASTA_2026W31_V1,2026-08-02,24,1,55,0,0.0,,,,,SUPPRESSED,SIMPLICITY
941da9b2-93b6-40b8-8de8-c9e27ad03e10,CANASTA_2026W31_V1,2026-08-02,13,1,96,0,0.0,,,,,SUPPRESSED,Cooperativa Obrera
941da9b2-93b6-40b8-8de8-c9e27ad03e10,CANASTA_2026W31_V1,2026-08-02,24,2,272,0,0.0,,,,,SUPPRESSED,FARMACITY
941da9b2-93b6-40b8-8de8-c9e27ad03e10,CANASTA_2026W31_V1,2026-08-02,5,1,7,0,0.0,,,,,SUPPRESSED,California Supermercados
941da9b2-93b6-40b8-8de8-c9e27ad03e10,CANASTA_2026W31_V1,2026-08-02,2,1,184,0,0.0,,,,,SUPPRESSED,La Anonima
941da9b2-93b6-40b8-8de8-c9e27ad03e10,CANASTA_2026W31_V1,2026-08-02,3,1,35,0,0.0,,,,,SUPPRESSED,DEHEZA S.A.I.C.F. e I.
941da9b2-93b6-40b8-8de8-c9e27ad03e10,CANASTA_2026W31_V1,2026-08-02,16,1,7,0,0.0,,,,,SUPPRESSED,Hipermercado Libertad
941da9b2-93b6-40b8-8de8-c9e27ad03e10,CANASTA_2026W31_V1,2026-08-02,23,1,54,0,0.0,,,,,SUPPRESSED,Axion Energy
941da9b2-93b6-40b8-8de8-c9e27ad03e10,CANASTA_2026W31_V1,2026-08-02,6,2,3,0,0.0,,,,,SUPPRESSED,Maxi Comodin
941da9b2-93b6-40b8-8de8-c9e27ad03e10,CANASTA_2026W31_V1,2026-08-02,21,1,27,0,0.0,,,,,SUPPRESSED,Toledo
941da9b2-93b6-40b8-8de8-c9e27ad03e10,CANASTA_2026W31_V1,2026-08-02,4,1,1,0,0.0,,,,,SUPPRESSED,ESTACION LIMA S.A.
941da9b2-93b6-40b8-8de8-c9e27ad03e10,CANASTA_2026W31_V1,2026-08-02,6,1,23,0,0.0,,,,,SUPPRESSED,Supermercados Comodin
941da9b2-93b6-40b8-8de8-c9e27ad03e10,CANASTA_2026W31_V1,2026-08-02,47,1,3,0,0.0,,,,,SUPPRESSED,Sup. Unicoop
941da9b2-93b6-40b8-8de8-c9e27ad03e10,CANASTA_2026W31_V1,2026-08-02,8,1,11,0,0.0,,,,,SUPPRESSED,Mariano Max
