build_id,basket_version,snapshot_date,provincia_codigo,active_stores,complete_stores,complete_banners,completion_rate,branch_mean_cost,branch_median_cost,cost_p10,cost_p90,coverage_status
941da9b2-93b6-40b8-8de8-c9e27ad03e10,CANASTA_2026W31_V1,2026-07-27,AR-M,68,52,8,0.7647058823529411,29636.30769230769,28868.0,28868.0,31837.0,PUBLISHABLE
941da9b2-93b6-40b8-8de8-c9e27ad03e10,CANASTA_2026W31_V1,2026-07-27,AR-J,21,12,4,0.5714285714285714,30124.916666666668,28868.0,28868.0,33782.0,DIRECTIONAL
941da9b2-93b6-40b8-8de8-c9e27ad03e10,CANASTA_2026W31_V1,2026-07-27,AR-G,6,5,2,0.8333333333333334,31174.2,29109.0,29109.0,34272.0,DIRECTIONAL
941da9b2-93b6-40b8-8de8-c9e27ad03e10,CANASTA_2026W31_V1,2026-07-27,AR-T,27,19,6,0.7037037037037037,30460.894736842107,29109.0,28513.2,34272.0,DIRECTIONAL
941da9b2-93b6-40b8-8de8-c9e27ad03e10,CANASTA_2026W31_V1,2026-07-27,AR-F,4,4,3,1.0,30376.0,29266.0,28869.8,32770.2,SUPPRESSED
941da9b2-93b6-40b8-8de8-c9e27ad03e10,CANASTA_2026W31_V1,2026-07-27,AR-D,7,5,4,0.7142857142857143,31104.2,29374.0,28843.0,34214.0,DIRECTIONAL
941da9b2-93b6-40b8-8de8-c9e27ad03e10,CANASTA_2026W31_V1,2026-07-27,AR-K,8,5,2,0.625,30484.8,29538.0,29538.0,32378.4,DIRECTIONAL
941da9b2-93b6-40b8-8de8-c9e27ad03e10,CANASTA_2026W31_V1,2026-07-27,AR-A,50,17,4,0.34,30750.0,29563.0,29376.2,34272.0,DIRECTIONAL
941da9b2-93b6-40b8-8de8-c9e27ad03e10,CANASTA_2026W31_V1,2026-07-27,AR-Y,24,5,2,0.20833333333333334,31463.4,29591.0,29591.0,34272.0,DIRECTIONAL
941da9b2-93b6-40b8-8de8-c9e27ad03e10,CANASTA_2026W31_V1,2026-07-27,,37,21,3,0.5675675675675675,30790.47619047619,29740.0,29740.0,32531.0,INVALID_GEOGRAPHY
941da9b2-93b6-40b8-8de8-c9e27ad03e10,CANASTA_2026W31_V1,2026-07-27,AR-V,14,2,1,0.14285714285714285,30471.0,30471.0,30471.0,30471.0,SUPPRESSED
941da9b2-93b6-40b8-8de8-c9e27ad03e10,CANASTA_2026W31_V1,2026-07-27,AR-Z,30,1,1,0.03333333333333333,30937.0,30937.0,30937.0,30937.0,SUPPRESSED
941da9b2-93b6-40b8-8de8-c9e27ad03e10,CANASTA_2026W31_V1,2026-07-27,AR-S,47,17,6,0.3617021276595745,32110.647058823528,31419.0,30693.0,33802.2,DIRECTIONAL
941da9b2-93b6-40b8-8de8-c9e27ad03e10,CANASTA_2026W31_V1,2026-07-27,AR-W,24,12,4,0.5,32227.25,31419.0,31419.0,33782.0,DIRECTIONAL
941da9b2-93b6-40b8-8de8-c9e27ad03e10,CANASTA_2026W31_V1,2026-07-27,AR-E,84,45,6,0.5357142857142857,31191.6,31419.0,29431.0,31419.0,PUBLISHABLE
941da9b2-93b6-40b8-8de8-c9e27ad03e10,CANASTA_2026W31_V1,2026-07-27,AR-B,914,475,12,0.5196936542669585,31451.80715789474,31544.0,30388.0,32734.0,PUBLISHABLE
941da9b2-93b6-40b8-8de8-c9e27ad03e10,CANASTA_2026W31_V1,2026-07-27,AR-X,129,43,6,0.3333333333333333,31571.86046511628,31545.0,31419.0,33346.0,PUBLISHABLE
941da9b2-93b6-40b8-8de8-c9e27ad03e10,CANASTA_2026W31_V1,2026-07-27,AR-C,972,601,10,0.6183127572016461,31833.768718801995,31697.0,31544.0,32734.0,PUBLISHABLE
941da9b2-93b6-40b8-8de8-c9e27ad03e10,CANASTA_2026W31_V1,2026-07-27,AR-R,65,8,3,0.12307692307692308,33332.75,33429.0,30401.0,36091.0,DIRECTIONAL
941da9b2-93b6-40b8-8de8-c9e27ad03e10,CANASTA_2026W31_V1,2026-07-27,AR-U,45,11,6,0.24444444444444444,33974.09090909091,33577.0,30956.0,36782.0,DIRECTIONAL
941da9b2-93b6-40b8-8de8-c9e27ad03e10,CANASTA_2026W31_V1,2026-07-27,AR-N,10,2,1,0.2,33782.0,33782.0,33782.0,33782.0,SUPPRESSED
941da9b2-93b6-40b8-8de8-c9e27ad03e10,CANASTA_2026W31_V1,2026-07-27,AR-P,5,4,2,0.8,33402.25,33782.0,32718.7,33782.0,SUPPRESSED
941da9b2-93b6-40b8-8de8-c9e27ad03e10,CANASTA_2026W31_V1,2026-07-27,AR-H,6,1,1,0.16666666666666666,34272.0,34272.0,34272.0,34272.0,SUPPRESSED
941da9b2-93b6-40b8-8de8-c9e27ad03e10,CANASTA_2026W31_V1,2026-07-27,AR-Q,60,6,6,0.1,33595.08666666667,34308.26,30225.0,36252.0,DIRECTIONAL
941da9b2-93b6-40b8-8de8-c9e27ad03e10,CANASTA_2026W31_V1,2026-07-27,AR-L,20,5,3,0.25,34218.8,34812.0,32784.0,35466.0,DIRECTIONAL
941da9b2-93b6-40b8-8de8-c9e27ad03e10,CANASTA_2026W31_V1,2026-07-27,Buenos Aires,1,0,0,0.0,,,,,INVALID_GEOGRAPHY
941da9b2-93b6-40b8-8de8-c9e27ad03e10,CANASTA_2026W31_V1,2026-07-28,AR-J,21,12,4,0.5714285714285714,30124.916666666668,28868.0,28868.0,33782.0,DIRECTIONAL
941da9b2-93b6-40b8-8de8-c9e27ad03e10,CANASTA_2026W31_V1,2026-07-28,AR-M,68,55,8,0.8088235294117647,29623.6,28868.0,28868.0,31837.0,PUBLISHABLE
941da9b2-93b6-40b8-8de8-c9e27ad03e10,CANASTA_2026W31_V1,2026-07-28,AR-G,6,5,2,0.8333333333333334,31174.2,29109.0,29109.0,34272.0,DIRECTIONAL
941da9b2-93b6-40b8-8de8-c9e27ad03e10,CANASTA_2026W31_V1,2026-07-28,AR-T,27,19,6,0.7037037037037037,30460.894736842107,29109.0,28513.2,34272.0,DIRECTIONAL
941da9b2-93b6-40b8-8de8-c9e27ad03e10,CANASTA_2026W31_V1,2026-07-28,AR-F,4,3,3,0.75,30746.0,29266.0,28813.2,33270.8,SUPPRESSED
941da9b2-93b6-40b8-8de8-c9e27ad03e10,CANASTA_2026W31_V1,2026-07-28,AR-D,7,6,5,0.8571428571428571,30668.333333333332,29374.0,28489.0,34142.0,DIRECTIONAL
941da9b2-93b6-40b8-8de8-c9e27ad03e10,CANASTA_2026W31_V1,2026-07-28,AR-E,84,11,5,0.13095238095238096,30509.909090909092,29431.0,29349.0,33782.0,DIRECTIONAL
941da9b2-93b6-40b8-8de8-c9e27ad03e10,CANASTA_2026W31_V1,2026-07-28,AR-K,8,6,3,0.75,30179.166666666668,29538.0,29094.5,31905.0,DIRECTIONAL
941da9b2-93b6-40b8-8de8-c9e27ad03e10,CANASTA_2026W31_V1,2026-07-28,AR-A,50,17,4,0.34,30750.0,29563.0,29376.2,34272.0,DIRECTIONAL
941da9b2-93b6-40b8-8de8-c9e27ad03e10,CANASTA_2026W31_V1,2026-07-28,AR-Y,24,5,2,0.20833333333333334,31463.4,29591.0,29591.0,34272.0,DIRECTIONAL
941da9b2-93b6-40b8-8de8-c9e27ad03e10,CANASTA_2026W31_V1,2026-07-28,,37,25,3,0.6756756756756757,30786.48,29740.0,29740.0,32615.6,INVALID_GEOGRAPHY
941da9b2-93b6-40b8-8de8-c9e27ad03e10,CANASTA_2026W31_V1,2026-07-28,AR-V,14,2,1,0.14285714285714285,30471.0,30471.0,30471.0,30471.0,SUPPRESSED
941da9b2-93b6-40b8-8de8-c9e27ad03e10,CANASTA_2026W31_V1,2026-07-28,AR-Z,30,2,1,0.06666666666666667,30946.5,30946.5,30938.9,30954.1,SUPPRESSED
941da9b2-93b6-40b8-8de8-c9e27ad03e10,CANASTA_2026W31_V1,2026-07-28,AR-X,129,45,5,0.3488372093023256,31500.8,31545.0,30307.2,33340.0,PUBLISHABLE
941da9b2-93b6-40b8-8de8-c9e27ad03e10,CANASTA_2026W31_V1,2026-07-28,AR-B,914,238,11,0.2603938730853392,31496.291596638657,31697.0,29340.0,33244.0,PUBLISHABLE
941da9b2-93b6-40b8-8de8-c9e27ad03e10,CANASTA_2026W31_V1,2026-07-28,AR-C,972,402,9,0.41358024691358025,31994.52736318408,32122.0,31545.0,32734.0,PUBLISHABLE
941da9b2-93b6-40b8-8de8-c9e27ad03e10,CANASTA_2026W31_V1,2026-07-28,AR-S,47,12,5,0.2553191489361702,32398.833333333332,33083.0,30693.0,34193.7,DIRECTIONAL
941da9b2-93b6-40b8-8de8-c9e27ad03e10,CANASTA_2026W31_V1,2026-07-28,AR-R,65,8,3,0.12307692307692308,33263.375,33404.0,30401.0,36091.0,DIRECTIONAL
941da9b2-93b6-40b8-8de8-c9e27ad03e10,CANASTA_2026W31_V1,2026-07-28,AR-U,45,12,6,0.26666666666666666,33683.083333333336,33577.0,30529.4,36782.0,DIRECTIONAL
941da9b2-93b6-40b8-8de8-c9e27ad03e10,CANASTA_2026W31_V1,2026-07-28,AR-N,10,2,1,0.2,33782.0,33782.0,33782.0,33782.0,SUPPRESSED
941da9b2-93b6-40b8-8de8-c9e27ad03e10,CANASTA_2026W31_V1,2026-07-28,AR-P,5,4,2,0.8,33402.25,33782.0,32718.7,33782.0,SUPPRESSED
941da9b2-93b6-40b8-8de8-c9e27ad03e10,CANASTA_2026W31_V1,2026-07-28,AR-W,24,4,3,0.16666666666666666,33902.0,33782.0,33775.0,34125.0,SUPPRESSED
941da9b2-93b6-40b8-8de8-c9e27ad03e10,CANASTA_2026W31_V1,2026-07-28,AR-H,6,1,1,0.16666666666666666,34272.0,34272.0,34272.0,34272.0,SUPPRESSED
941da9b2-93b6-40b8-8de8-c9e27ad03e10,CANASTA_2026W31_V1,2026-07-28,AR-Q,60,6,6,0.1,33595.08666666667,34308.26,30225.0,36252.0,DIRECTIONAL
941da9b2-93b6-40b8-8de8-c9e27ad03e10,CANASTA_2026W31_V1,2026-07-28,AR-L,20,5,3,0.25,34218.8,34812.0,32784.0,35466.0,DIRECTIONAL
941da9b2-93b6-40b8-8de8-c9e27ad03e10,CANASTA_2026W31_V1,2026-07-28,Buenos Aires,1,0,0,0.0,,,,,INVALID_GEOGRAPHY
941da9b2-93b6-40b8-8de8-c9e27ad03e10,CANASTA_2026W31_V1,2026-07-29,AR-M,68,59,8,0.8676470588235294,29497.050847457627,28668.0,28668.0,31943.0,PUBLISHABLE
941da9b2-93b6-40b8-8de8-c9e27ad03e10,CANASTA_2026W31_V1,2026-07-29,AR-F,4,3,3,0.75,30642.666666666668,28956.0,28751.2,33208.8,SUPPRESSED
941da9b2-93b6-40b8-8de8-c9e27ad03e10,CANASTA_2026W31_V1,2026-07-29,AR-D,7,5,5,0.7142857142857143,30843.6,28956.0,28489.0,34214.0,DIRECTIONAL
941da9b2-93b6-40b8-8de8-c9e27ad03e10,CANASTA_2026W31_V1,2026-07-29,AR-T,27,17,6,0.6296296296296297,30631.529411764706,29109.0,28497.4,34272.0,DIRECTIONAL
941da9b2-93b6-40b8-8de8-c9e27ad03e10,CANASTA_2026W31_V1,2026-07-29,AR-G,6,5,2,0.8333333333333334,31174.2,29109.0,29109.0,34272.0,DIRECTIONAL
941da9b2-93b6-40b8-8de8-c9e27ad03e10,CANASTA_2026W31_V1,2026-07-29,AR-K,8,5,3,0.625,30067.4,29138.0,28845.8,32218.4,DIRECTIONAL
941da9b2-93b6-40b8-8de8-c9e27ad03e10,CANASTA_2026W31_V1,2026-07-29,AR-Y,24,5,2,0.20833333333333334,31452.6,29573.0,29573.0,34272.0,DIRECTIONAL
941da9b2-93b6-40b8-8de8-c9e27ad03e10,CANASTA_2026W31_V1,2026-07-29,AR-J,21,18,5,0.8571428571428571,30179.722222222223,29612.0,28668.0,33782.0,DIRECTIONAL
941da9b2-93b6-40b8-8de8-c9e27ad03e10,CANASTA_2026W31_V1,2026-07-29,,37,27,3,0.7297297297297297,30636.48148148148,29740.0,29740.0,32587.4,INVALID_GEOGRAPHY
941da9b2-93b6-40b8-8de8-c9e27ad03e10,CANASTA_2026W31_V1,2026-07-29,AR-V,14,2,1,0.14285714285714285,30471.0,30471.0,30471.0,30471.0,SUPPRESSED
941da9b2-93b6-40b8-8de8-c9e27ad03e10,CANASTA_2026W31_V1,2026-07-29,AR-A,50,41,5,0.82,30756.439024390245,30556.0,29463.0,32391.0,PUBLISHABLE
941da9b2-93b6-40b8-8de8-c9e27ad03e10,CANASTA_2026W31_V1,2026-07-29,AR-Z,30,2,1,0.06666666666666667,30946.5,30946.5,30938.9,30954.1,SUPPRESSED
941da9b2-93b6-40b8-8de8-c9e27ad03e10,CANASTA_2026W31_V1,2026-07-29,AR-W,24,20,5,0.8333333333333334,31825.25,31284.0,31252.7,33782.0,PUBLISHABLE
941da9b2-93b6-40b8-8de8-c9e27ad03e10,CANASTA_2026W31_V1,2026-07-29,AR-S,40,22,6,0.55,31938.909090909092,31284.0,30693.0,33083.0,PUBLISHABLE
941da9b2-93b6-40b8-8de8-c9e27ad03e10,CANASTA_2026W31_V1,2026-07-29,AR-E,88,76,7,0.8636363636363636,31161.486842105263,31284.0,30201.0,31284.0,PUBLISHABLE
941da9b2-93b6-40b8-8de8-c9e27ad03e10,CANASTA_2026W31_V1,2026-07-29,AR-B,893,672,12,0.7525195968645016,31317.149404761905,31409.0,30722.0,32282.2,PUBLISHABLE
941da9b2-93b6-40b8-8de8-c9e27ad03e10,CANASTA_2026W31_V1,2026-07-29,AR-C,949,839,10,0.8840885142255005,31663.918951132302,31409.0,31409.0,32122.0,PUBLISHABLE
941da9b2-93b6-40b8-8de8-c9e27ad03e10,CANASTA_2026W31_V1,2026-07-29,AR-X,126,50,6,0.3968253968253968,31466.84,31545.0,31103.8,33325.0,PUBLISHABLE
941da9b2-93b6-40b8-8de8-c9e27ad03e10,CANASTA_2026W31_V1,2026-07-29,AR-U,45,12,6,0.26666666666666666,33631.583333333336,33577.0,30251.3,36782.0,DIRECTIONAL
941da9b2-93b6-40b8-8de8-c9e27ad03e10,CANASTA_2026W31_V1,2026-07-29,AR-N,10,2,1,0.2,33782.0,33782.0,33782.0,33782.0,SUPPRESSED
941da9b2-93b6-40b8-8de8-c9e27ad03e10,CANASTA_2026W31_V1,2026-07-29,AR-P,5,4,2,0.8,33402.25,33782.0,32718.7,33782.0,SUPPRESSED
941da9b2-93b6-40b8-8de8-c9e27ad03e10,CANASTA_2026W31_V1,2026-07-29,AR-H,6,1,1,0.16666666666666666,34272.0,34272.0,34272.0,34272.0,SUPPRESSED
941da9b2-93b6-40b8-8de8-c9e27ad03e10,CANASTA_2026W31_V1,2026-07-29,AR-Q,60,6,6,0.1,33590.42,34308.26,30211.0,36252.0,DIRECTIONAL
941da9b2-93b6-40b8-8de8-c9e27ad03e10,CANASTA_2026W31_V1,2026-07-29,AR-L,20,5,3,0.25,34218.8,34812.0,32784.0,35466.0,DIRECTIONAL
941da9b2-93b6-40b8-8de8-c9e27ad03e10,CANASTA_2026W31_V1,2026-07-29,AR-R,65,7,3,0.1076923076923077,33664.28571428572,35902.0,30373.0,36094.0,DIRECTIONAL
941da9b2-93b6-40b8-8de8-c9e27ad03e10,CANASTA_2026W31_V1,2026-07-29,Buenos Aires,1,0,0,0.0,,,,,INVALID_GEOGRAPHY
941da9b2-93b6-40b8-8de8-c9e27ad03e10,CANASTA_2026W31_V1,2026-07-30,AR-M,71,61,8,0.8591549295774648,29511.639344262294,28668.0,28668.0,33217.0,PUBLISHABLE
941da9b2-93b6-40b8-8de8-c9e27ad03e10,CANASTA_2026W31_V1,2026-07-30,AR-D,15,7,5,0.4666666666666667,30304.285714285714,28956.0,28489.0,34070.0,DIRECTIONAL
941da9b2-93b6-40b8-8de8-c9e27ad03e10,CANASTA_2026W31_V1,2026-07-30,AR-F,6,4,3,0.6666666666666666,30221.0,28956.0,28776.8,32677.2,SUPPRESSED
941da9b2-93b6-40b8-8de8-c9e27ad03e10,CANASTA_2026W31_V1,2026-07-30,AR-G,11,5,2,0.45454545454545453,31174.2,29109.0,29109.0,34272.0,DIRECTIONAL
941da9b2-93b6-40b8-8de8-c9e27ad03e10,CANASTA_2026W31_V1,2026-07-30,AR-T,27,17,6,0.6296296296296297,30706.529411764706,29109.0,28497.4,34272.0,DIRECTIONAL
941da9b2-93b6-40b8-8de8-c9e27ad03e10,CANASTA_2026W31_V1,2026-07-30,AR-K,8,4,3,0.5,30299.75,29138.0,28797.1,32731.8,SUPPRESSED
941da9b2-93b6-40b8-8de8-c9e27ad03e10,CANASTA_2026W31_V1,2026-07-30,AR-Y,29,5,2,0.1724137931034483,31452.6,29573.0,29573.0,34272.0,DIRECTIONAL
941da9b2-93b6-40b8-8de8-c9e27ad03e10,CANASTA_2026W31_V1,2026-07-30,AR-J,21,18,5,0.8571428571428571,30179.722222222223,29612.0,28668.0,33782.0,DIRECTIONAL
941da9b2-93b6-40b8-8de8-c9e27ad03e10,CANASTA_2026W31_V1,2026-07-30,,37,24,3,0.6486486486486487,30748.541666666668,29740.0,29740.0,32629.7,INVALID_GEOGRAPHY
941da9b2-93b6-40b8-8de8-c9e27ad03e10,CANASTA_2026W31_V1,2026-07-30,AR-V,14,2,1,0.14285714285714285,30471.0,30471.0,30471.0,30471.0,SUPPRESSED
941da9b2-93b6-40b8-8de8-c9e27ad03e10,CANASTA_2026W31_V1,2026-07-30,AR-A,55,41,5,0.7454545454545455,30787.51219512195,30556.0,29463.0,33665.0,PUBLISHABLE
941da9b2-93b6-40b8-8de8-c9e27ad03e10,CANASTA_2026W31_V1,2026-07-30,AR-Z,30,2,1,0.06666666666666667,30946.5,30946.5,30938.9,30954.1,SUPPRESSED
941da9b2-93b6-40b8-8de8-c9e27ad03e10,CANASTA_2026W31_V1,2026-07-30,AR-E,93,76,7,0.8172043010752689,31161.486842105263,31284.0,30201.0,31284.0,PUBLISHABLE
941da9b2-93b6-40b8-8de8-c9e27ad03e10,CANASTA_2026W31_V1,2026-07-30,AR-S,51,23,6,0.45098039215686275,31896.08695652174,31284.0,30693.0,33171.0,PUBLISHABLE
941da9b2-93b6-40b8-8de8-c9e27ad03e10,CANASTA_2026W31_V1,2026-07-30,AR-W,24,20,5,0.8333333333333334,31825.25,31284.0,31252.7,33782.0,PUBLISHABLE
941da9b2-93b6-40b8-8de8-c9e27ad03e10,CANASTA_2026W31_V1,2026-07-30,AR-C,1148,833,10,0.725609756097561,31677.58943577431,31409.0,31409.0,32122.0,PUBLISHABLE
941da9b2-93b6-40b8-8de8-c9e27ad03e10,CANASTA_2026W31_V1,2026-07-30,AR-B,959,672,12,0.7007299270072993,31353.75925595238,31409.0,30848.0,32734.0,PUBLISHABLE
941da9b2-93b6-40b8-8de8-c9e27ad03e10,CANASTA_2026W31_V1,2026-07-30,AR-X,177,53,6,0.2994350282485876,31492.69811320755,31545.0,31284.0,33193.8,PUBLISHABLE
941da9b2-93b6-40b8-8de8-c9e27ad03e10,CANASTA_2026W31_V1,2026-07-30,AR-U,46,12,6,0.2608695652173913,33602.666666666664,33577.0,30251.3,36782.0,DIRECTIONAL
941da9b2-93b6-40b8-8de8-c9e27ad03e10,CANASTA_2026W31_V1,2026-07-30,AR-N,17,2,1,0.11764705882352941,33782.0,33782.0,33782.0,33782.0,SUPPRESSED
941da9b2-93b6-40b8-8de8-c9e27ad03e10,CANASTA_2026W31_V1,2026-07-30,AR-P,6,4,2,0.6666666666666666,33402.25,33782.0,32718.7,33782.0,SUPPRESSED
941da9b2-93b6-40b8-8de8-c9e27ad03e10,CANASTA_2026W31_V1,2026-07-30,AR-H,14,1,1,0.07142857142857142,34272.0,34272.0,34272.0,34272.0,SUPPRESSED
941da9b2-93b6-40b8-8de8-c9e27ad03e10,CANASTA_2026W31_V1,2026-07-30,AR-Q,60,5,5,0.08333333333333333,33506.4,34606.0,30178.6,36322.0,DIRECTIONAL
941da9b2-93b6-40b8-8de8-c9e27ad03e10,CANASTA_2026W31_V1,2026-07-30,AR-L,24,5,3,0.20833333333333334,34218.8,34812.0,32784.0,35466.0,DIRECTIONAL
941da9b2-93b6-40b8-8de8-c9e27ad03e10,CANASTA_2026W31_V1,2026-07-30,AR-R,66,6,3,0.09090909090909091,34212.833333333336,35902.0,30639.5,36097.0,DIRECTIONAL
941da9b2-93b6-40b8-8de8-c9e27ad03e10,CANASTA_2026W31_V1,2026-07-30,Buenos Aires,1,0,0,0.0,,,,,INVALID_GEOGRAPHY
941da9b2-93b6-40b8-8de8-c9e27ad03e10,CANASTA_2026W31_V1,2026-07-31,AR-M,68,61,9,0.8970588235294118,29603.786885245903,28668.0,28668.0,33217.0,PUBLISHABLE
941da9b2-93b6-40b8-8de8-c9e27ad03e10,CANASTA_2026W31_V1,2026-07-31,AR-J,21,19,5,0.9047619047619048,30111.21052631579,28699.0,28668.0,33782.0,DIRECTIONAL
941da9b2-93b6-40b8-8de8-c9e27ad03e10,CANASTA_2026W31_V1,2026-07-31,AR-F,4,4,3,1.0,30273.5,28956.0,28923.8,32677.2,SUPPRESSED
941da9b2-93b6-40b8-8de8-c9e27ad03e10,CANASTA_2026W31_V1,2026-07-31,AR-D,7,7,5,1.0,30364.285714285714,28956.0,28699.0,34070.0,DIRECTIONAL
941da9b2-93b6-40b8-8de8-c9e27ad03e10,CANASTA_2026W31_V1,2026-07-31,AR-T,27,17,6,0.6296296296296297,30756.647058823528,29109.0,28711.0,34272.0,DIRECTIONAL
941da9b2-93b6-40b8-8de8-c9e27ad03e10,CANASTA_2026W31_V1,2026-07-31,AR-G,6,5,2,0.8333333333333334,31174.2,29109.0,29109.0,34272.0,DIRECTIONAL
941da9b2-93b6-40b8-8de8-c9e27ad03e10,CANASTA_2026W31_V1,2026-07-31,AR-K,8,4,3,0.5,30352.25,29138.0,28944.1,32731.8,SUPPRESSED
941da9b2-93b6-40b8-8de8-c9e27ad03e10,CANASTA_2026W31_V1,2026-07-31,AR-Y,24,5,2,0.20833333333333334,31452.6,29573.0,29573.0,34272.0,DIRECTIONAL
941da9b2-93b6-40b8-8de8-c9e27ad03e10,CANASTA_2026W31_V1,2026-07-31,,37,24,3,0.6486486486486487,30891.375,29908.0,29908.0,32418.2,INVALID_GEOGRAPHY
941da9b2-93b6-40b8-8de8-c9e27ad03e10,CANASTA_2026W31_V1,2026-07-31,AR-V,14,2,1,0.14285714285714285,30424.0,30424.0,30424.0,30424.0,SUPPRESSED
941da9b2-93b6-40b8-8de8-c9e27ad03e10,CANASTA_2026W31_V1,2026-07-31,AR-A,50,40,5,0.8,30835.05,30556.0,29463.0,33725.7,PUBLISHABLE
941da9b2-93b6-40b8-8de8-c9e27ad03e10,CANASTA_2026W31_V1,2026-07-31,AR-Z,30,2,1,0.06666666666666667,30571.0,30571.0,30311.0,30831.0,SUPPRESSED
941da9b2-93b6-40b8-8de8-c9e27ad03e10,CANASTA_2026W31_V1,2026-07-31,AR-S,47,24,6,0.5106382978723404,32027.708333333332,31394.0,30918.0,33160.0,PUBLISHABLE
941da9b2-93b6-40b8-8de8-c9e27ad03e10,CANASTA_2026W31_V1,2026-07-31,AR-W,24,20,5,0.8333333333333334,31914.85,31394.0,31362.3,33782.0,PUBLISHABLE
941da9b2-93b6-40b8-8de8-c9e27ad03e10,CANASTA_2026W31_V1,2026-07-31,AR-E,88,76,7,0.8636363636363636,31275.32894736842,31394.0,30362.0,31394.0,PUBLISHABLE
941da9b2-93b6-40b8-8de8-c9e27ad03e10,CANASTA_2026W31_V1,2026-07-31,AR-B,913,673,12,0.7371303395399781,31416.719494799407,31519.0,30848.0,32734.0,PUBLISHABLE
941da9b2-93b6-40b8-8de8-c9e27ad03e10,CANASTA_2026W31_V1,2026-07-31,AR-C,972,810,10,0.8333333333333334,31767.495061728394,31519.0,31519.0,32251.0,PUBLISHABLE
941da9b2-93b6-40b8-8de8-c9e27ad03e10,CANASTA_2026W31_V1,2026-07-31,AR-X,129,48,6,0.37209302325581395,31629.1875,31716.0,30820.4,33331.0,PUBLISHABLE
941da9b2-93b6-40b8-8de8-c9e27ad03e10,CANASTA_2026W31_V1,2026-07-31,AR-U,45,11,5,0.24444444444444444,33204.181818181816,33287.0,30173.0,36782.0,DIRECTIONAL
941da9b2-93b6-40b8-8de8-c9e27ad03e10,CANASTA_2026W31_V1,2026-07-31,AR-N,10,2,1,0.2,33782.0,33782.0,33782.0,33782.0,SUPPRESSED
941da9b2-93b6-40b8-8de8-c9e27ad03e10,CANASTA_2026W31_V1,2026-07-31,AR-P,5,4,2,0.8,33277.25,33782.0,32368.7,33782.0,SUPPRESSED
941da9b2-93b6-40b8-8de8-c9e27ad03e10,CANASTA_2026W31_V1,2026-07-31,AR-Q,60,6,6,0.1,33310.39333333333,33930.68,29748.5,36252.0,DIRECTIONAL
941da9b2-93b6-40b8-8de8-c9e27ad03e10,CANASTA_2026W31_V1,2026-07-31,AR-H,6,1,1,0.16666666666666666,34272.0,34272.0,34272.0,34272.0,SUPPRESSED
941da9b2-93b6-40b8-8de8-c9e27ad03e10,CANASTA_2026W31_V1,2026-07-31,AR-L,20,4,2,0.2,34617.5,34812.0,33504.4,35575.0,SUPPRESSED
941da9b2-93b6-40b8-8de8-c9e27ad03e10,CANASTA_2026W31_V1,2026-07-31,AR-R,65,7,3,0.1076923076923077,33530.857142857145,35902.0,30212.6,36094.0,DIRECTIONAL
941da9b2-93b6-40b8-8de8-c9e27ad03e10,CANASTA_2026W31_V1,2026-07-31,Buenos Aires,1,0,0,0.0,,,,,INVALID_GEOGRAPHY
941da9b2-93b6-40b8-8de8-c9e27ad03e10,CANASTA_2026W31_V1,2026-08-01,AR-J,15,12,4,0.8,30009.083333333332,28668.0,28668.0,33782.0,DIRECTIONAL
941da9b2-93b6-40b8-8de8-c9e27ad03e10,CANASTA_2026W31_V1,2026-08-01,AR-M,68,61,9,0.8970588235294118,29624.114754098362,28668.0,28668.0,33217.0,PUBLISHABLE
941da9b2-93b6-40b8-8de8-c9e27ad03e10,CANASTA_2026W31_V1,2026-08-01,AR-D,7,7,5,1.0,30364.285714285714,28956.0,28699.0,34070.0,DIRECTIONAL
941da9b2-93b6-40b8-8de8-c9e27ad03e10,CANASTA_2026W31_V1,2026-08-01,AR-F,4,4,3,1.0,30273.5,28956.0,28923.8,32677.2,SUPPRESSED
941da9b2-93b6-40b8-8de8-c9e27ad03e10,CANASTA_2026W31_V1,2026-08-01,AR-G,6,5,2,0.8333333333333334,31174.2,29109.0,29109.0,34272.0,DIRECTIONAL
941da9b2-93b6-40b8-8de8-c9e27ad03e10,CANASTA_2026W31_V1,2026-08-01,AR-T,27,17,6,0.6296296296296297,30756.647058823528,29109.0,28711.0,34272.0,DIRECTIONAL
941da9b2-93b6-40b8-8de8-c9e27ad03e10,CANASTA_2026W31_V1,2026-08-01,AR-K,8,4,3,0.5,30352.25,29138.0,28944.1,32731.8,SUPPRESSED
941da9b2-93b6-40b8-8de8-c9e27ad03e10,CANASTA_2026W31_V1,2026-08-01,AR-A,26,16,4,0.6153846153846154,30890.25,29463.0,29463.0,34272.0,DIRECTIONAL
941da9b2-93b6-40b8-8de8-c9e27ad03e10,CANASTA_2026W31_V1,2026-08-01,AR-Y,24,5,2,0.20833333333333334,31452.6,29573.0,29573.0,34272.0,DIRECTIONAL
941da9b2-93b6-40b8-8de8-c9e27ad03e10,CANASTA_2026W31_V1,2026-08-01,AR-E,23,11,6,0.4782608695652174,30529.545454545456,29647.0,28840.0,33782.0,DIRECTIONAL
941da9b2-93b6-40b8-8de8-c9e27ad03e10,CANASTA_2026W31_V1,2026-08-01,,37,24,3,0.6486486486486487,30879.708333333332,29908.0,29908.0,32385.2,INVALID_GEOGRAPHY
941da9b2-93b6-40b8-8de8-c9e27ad03e10,CANASTA_2026W31_V1,2026-08-01,AR-V,14,2,1,0.14285714285714285,30424.0,30424.0,30424.0,30424.0,SUPPRESSED
941da9b2-93b6-40b8-8de8-c9e27ad03e10,CANASTA_2026W31_V1,2026-08-01,AR-Z,30,2,1,0.06666666666666667,30571.0,30571.0,30311.0,30831.0,SUPPRESSED
941da9b2-93b6-40b8-8de8-c9e27ad03e10,CANASTA_2026W31_V1,2026-08-01,AR-B,485,243,11,0.5010309278350515,31497.62230452675,31686.0,29340.0,33244.0,PUBLISHABLE
941da9b2-93b6-40b8-8de8-c9e27ad03e10,CANASTA_2026W31_V1,2026-08-01,AR-C,540,382,9,0.7074074074074074,31966.850785340313,31716.0,31686.0,32734.0,PUBLISHABLE
941da9b2-93b6-40b8-8de8-c9e27ad03e10,CANASTA_2026W31_V1,2026-08-01,AR-X,126,45,5,0.35714285714285715,31570.266666666666,31716.0,29012.2,33340.0,PUBLISHABLE
941da9b2-93b6-40b8-8de8-c9e27ad03e10,CANASTA_2026W31_V1,2026-08-01,AR-U,45,10,5,0.2222222222222222,33195.9,31766.5,30173.0,36828.0,DIRECTIONAL
941da9b2-93b6-40b8-8de8-c9e27ad03e10,CANASTA_2026W31_V1,2026-08-01,AR-S,38,14,5,0.3684210526315789,32359.714285714286,33004.0,30918.0,33948.3,DIRECTIONAL
941da9b2-93b6-40b8-8de8-c9e27ad03e10,CANASTA_2026W31_V1,2026-08-01,AR-Q,60,7,6,0.11666666666666667,32712.337142857144,33255.36,29124.0,36182.0,DIRECTIONAL
941da9b2-93b6-40b8-8de8-c9e27ad03e10,CANASTA_2026W31_V1,2026-08-01,AR-P,5,4,2,0.8,33277.25,33782.0,32368.7,33782.0,SUPPRESSED
941da9b2-93b6-40b8-8de8-c9e27ad03e10,CANASTA_2026W31_V1,2026-08-01,AR-W,9,5,4,0.5555555555555556,33604.2,33782.0,32956.6,34076.0,DIRECTIONAL
941da9b2-93b6-40b8-8de8-c9e27ad03e10,CANASTA_2026W31_V1,2026-08-01,AR-N,10,2,1,0.2,33782.0,33782.0,33782.0,33782.0,SUPPRESSED
941da9b2-93b6-40b8-8de8-c9e27ad03e10,CANASTA_2026W31_V1,2026-08-01,AR-H,6,1,1,0.16666666666666666,34272.0,34272.0,34272.0,34272.0,SUPPRESSED
941da9b2-93b6-40b8-8de8-c9e27ad03e10,CANASTA_2026W31_V1,2026-08-01,AR-L,20,4,2,0.2,34617.5,34812.0,33504.4,35575.0,SUPPRESSED
941da9b2-93b6-40b8-8de8-c9e27ad03e10,CANASTA_2026W31_V1,2026-08-01,AR-R,65,7,3,0.1076923076923077,33530.857142857145,35902.0,30212.6,36094.0,DIRECTIONAL
941da9b2-93b6-40b8-8de8-c9e27ad03e10,CANASTA_2026W31_V1,2026-08-02,AR-M,70,60,9,0.8571428571428571,29564.233333333334,28668.0,28668.0,32954.2,PUBLISHABLE
941da9b2-93b6-40b8-8de8-c9e27ad03e10,CANASTA_2026W31_V1,2026-08-02,AR-F,6,4,3,0.6666666666666666,30273.5,28956.0,28923.8,32677.2,SUPPRESSED
941da9b2-93b6-40b8-8de8-c9e27ad03e10,CANASTA_2026W31_V1,2026-08-02,AR-D,15,7,5,0.4666666666666667,30364.285714285714,28956.0,28699.0,34070.0,DIRECTIONAL
941da9b2-93b6-40b8-8de8-c9e27ad03e10,CANASTA_2026W31_V1,2026-08-02,AR-G,11,5,2,0.45454545454545453,31174.2,29109.0,29109.0,34272.0,DIRECTIONAL
941da9b2-93b6-40b8-8de8-c9e27ad03e10,CANASTA_2026W31_V1,2026-08-02,AR-T,27,17,6,0.6296296296296297,30756.647058823528,29109.0,28711.0,34272.0,DIRECTIONAL
941da9b2-93b6-40b8-8de8-c9e27ad03e10,CANASTA_2026W31_V1,2026-08-02,AR-K,8,6,3,0.75,29947.5,29138.0,28999.5,31705.0,DIRECTIONAL
941da9b2-93b6-40b8-8de8-c9e27ad03e10,CANASTA_2026W31_V1,2026-08-02,AR-J,21,18,4,0.8571428571428571,30287.333333333332,29758.5,28668.0,33782.0,DIRECTIONAL
941da9b2-93b6-40b8-8de8-c9e27ad03e10,CANASTA_2026W31_V1,2026-08-02,,37,25,3,0.6756756756756757,30840.84,29908.0,29908.0,32289.6,INVALID_GEOGRAPHY
941da9b2-93b6-40b8-8de8-c9e27ad03e10,CANASTA_2026W31_V1,2026-08-02,AR-U,46,11,5,0.2391304347826087,32927.72727272727,30246.0,30173.0,36782.0,DIRECTIONAL
941da9b2-93b6-40b8-8de8-c9e27ad03e10,CANASTA_2026W31_V1,2026-08-02,AR-V,14,2,1,0.14285714285714285,30424.0,30424.0,30424.0,30424.0,SUPPRESSED
941da9b2-93b6-40b8-8de8-c9e27ad03e10,CANASTA_2026W31_V1,2026-08-02,AR-Z,30,2,1,0.06666666666666667,30571.0,30571.0,30311.0,30831.0,SUPPRESSED
941da9b2-93b6-40b8-8de8-c9e27ad03e10,CANASTA_2026W31_V1,2026-08-02,AR-A,55,40,5,0.7272727272727273,31025.7,30849.0,29463.0,33725.7,PUBLISHABLE
941da9b2-93b6-40b8-8de8-c9e27ad03e10,CANASTA_2026W31_V1,2026-08-02,AR-E,89,76,7,0.8539325842696629,31380.11842105263,31529.0,30427.5,31529.0,PUBLISHABLE
941da9b2-93b6-40b8-8de8-c9e27ad03e10,CANASTA_2026W31_V1,2026-08-02,AR-W,24,20,5,0.8333333333333334,32015.7,31529.0,31496.9,33782.0,PUBLISHABLE
941da9b2-93b6-40b8-8de8-c9e27ad03e10,CANASTA_2026W31_V1,2026-08-02,AR-S,49,22,6,0.4489795918367347,31979.81818181818,31529.0,30918.0,33182.0,PUBLISHABLE
941da9b2-93b6-40b8-8de8-c9e27ad03e10,CANASTA_2026W31_V1,2026-08-02,AR-B,909,667,12,0.7337733773377337,31487.886821589207,31654.0,30792.0,32734.0,PUBLISHABLE
941da9b2-93b6-40b8-8de8-c9e27ad03e10,CANASTA_2026W31_V1,2026-08-02,AR-C,1148,784,10,0.6829268292682927,31769.401785714286,31654.0,31654.0,32111.0,PUBLISHABLE
941da9b2-93b6-40b8-8de8-c9e27ad03e10,CANASTA_2026W31_V1,2026-08-02,AR-X,177,49,6,0.2768361581920904,31570.714285714286,31716.0,29325.4,33328.0,PUBLISHABLE
941da9b2-93b6-40b8-8de8-c9e27ad03e10,CANASTA_2026W31_V1,2026-08-02,AR-Y,29,4,2,0.13793103448275862,31922.5,31922.5,29573.0,34272.0,SUPPRESSED
941da9b2-93b6-40b8-8de8-c9e27ad03e10,CANASTA_2026W31_V1,2026-08-02,AR-N,17,2,1,0.11764705882352941,33782.0,33782.0,33782.0,33782.0,SUPPRESSED
941da9b2-93b6-40b8-8de8-c9e27ad03e10,CANASTA_2026W31_V1,2026-08-02,AR-P,6,4,2,0.6666666666666666,33277.25,33782.0,32368.7,33782.0,SUPPRESSED
941da9b2-93b6-40b8-8de8-c9e27ad03e10,CANASTA_2026W31_V1,2026-08-02,AR-Q,60,6,6,0.1,33310.39333333333,33930.68,29748.5,36252.0,DIRECTIONAL
941da9b2-93b6-40b8-8de8-c9e27ad03e10,CANASTA_2026W31_V1,2026-08-02,AR-H,14,1,1,0.07142857142857142,34272.0,34272.0,34272.0,34272.0,SUPPRESSED
941da9b2-93b6-40b8-8de8-c9e27ad03e10,CANASTA_2026W31_V1,2026-08-02,AR-L,18,4,2,0.2222222222222222,34617.5,34812.0,33504.4,35575.0,SUPPRESSED
941da9b2-93b6-40b8-8de8-c9e27ad03e10,CANASTA_2026W31_V1,2026-08-02,AR-R,64,7,2,0.109375,33588.142857142855,35902.0,30373.0,36094.0,DIRECTIONAL
941da9b2-93b6-40b8-8de8-c9e27ad03e10,CANASTA_2026W31_V1,2026-08-02,Buenos Aires,1,0,0,0.0,,,,,INVALID_GEOGRAPHY
